rank,compound_id,smiles,affinity_kcal_mol,pose_file
1,GEN_0922,O=C(CCNCNS(=O)(=O)C(=O)Nc1cccc2nc3ccccc3cc12)NCCOC(=O)Nc1ccccc1,-9.0,GEN_0922_pose.pdbqt
2,GEN_0128,O=C(NCCCCNCc1cccc2ccccc12)Nc1ccccc1CC(F)(F)F,-8.9,GEN_0128_pose.pdbqt
3,GEN_0195,O=C(NNCc1cccc2nc3ccccc3cc12)OCc1ccccc1,-8.8,GEN_0195_pose.pdbqt
4,GEN_0556,O=C(NCCOSCOc1ccccc1)NC(=O)c1cccc(-c2ccccc2)c1,-8.4,GEN_0556_pose.pdbqt
5,GEN_0454,N#CNC(=O)OCCNC(=O)Cc1ccccc1NNC(=O)c1cccc2nc3ccccc3cc12,-8.3,GEN_0454_pose.pdbqt
6,GEN_0615,O=C(NCNCOCc1cccc(-c2ccccc2)c1)C(=O)Nc1ccccc1,-8.3,GEN_0615_pose.pdbqt
7,GEN_0145,O=C(COCc1cccc2nc[nH]c12)NCCONC(=O)Nc1ccccc1,-8.3,GEN_0145_pose.pdbqt
8,GEN_0187,O=C(NCCNOc1ccccc1)OCc1ccccc1NCCCc1cccc2ncccc12,-8.2,GEN_0187_pose.pdbqt
9,GEN_0482,O=C(Cc1cccc(-c2ccccc2)c1)Nc1ccccc1NC(=O)S(=O)(=O)NCCC(F)(F)F,-8.1,GEN_0482_pose.pdbqt
10,GEN_0381,O=C(CCCc1cccc2ncncc12)NNCCNc1ccccc1NC(=O)Nc1ccccc1,-8.1,GEN_0381_pose.pdbqt
11,GEN_0587,NS(=O)(=O)COCOCCNC(=O)CONC(=O)CCc1cccc2nc3ccccc3cc12,-8.1,GEN_0587_pose.pdbqt
12,GEN_0041,O=C(CCOCc1cccc2ncccc12)NCOOCC(=O)NS(=O)(=O)c1ccccc1,-8.1,GEN_0041_pose.pdbqt
13,GEN_0558,O=C(CNCCc1cccc2nc[nH]c12)NCNNC(=O)C(F)(F)F,-8.0,GEN_0558_pose.pdbqt
14,GEN_0736,O=C(COCc1ccccc1NC(=O)SCc1ccccc1NC(=O)NC(=O)c1cccc2ncncc12)NCCO,-8.0,GEN_0736_pose.pdbqt
15,GEN_0962,O=C(CSCc1cccc2[nH]ccc12)NNC(=O)C(=O)Nc1ccccc1,-8.0,GEN_0962_pose.pdbqt
16,GEN_0900,O=C(NNc1ccccc1)c1cccc2nc3ccccc3cc12,-8.0,GEN_0900_pose.pdbqt
17,GEN_0353,O=C(CONc1ccccc1NC(=O)NC(=O)c1ccn[nH]1)Nc1ccccc1,-7.9,GEN_0353_pose.pdbqt
18,GEN_0697,O=C(CCCCc1cccc2nc3ccccc3cc12)NNC(=O)C(=O)Nc1ccccc1,-7.8,GEN_0697_pose.pdbqt
19,GEN_0678,O=C(NC(=O)NS(=O)(=O)CCCN1c2ccccc2Sc2ccccc21)Nc1ccccc1,-7.8,GEN_0678_pose.pdbqt
20,GEN_0419,O=C(CCc1cccc2nc3ccccc3cc12)Nc1ccccc1,-7.8,GEN_0419_pose.pdbqt
21,GEN_0824,O=C(CCNC(=O)Cc1cccc(-c2ccccc2)c1)NCCNCCC(F)(F)F,-7.7,GEN_0824_pose.pdbqt
22,GEN_0402,O=C(CNSCc1cccc2[nH]cnc12)NC(=O)NCCOCONc1ccccc1,-7.7,GEN_0402_pose.pdbqt
23,GEN_0874,O=C(Cc1cccc2[nH]cnc12)ONCCNCNC(=O)Oc1ccccc1,-7.7,GEN_0874_pose.pdbqt
24,GEN_0086,CONC(=O)CCOC(=O)CNC(=O)CCNCCc1cccc2nc3ccccc3cc12,-7.7,GEN_0086_pose.pdbqt
25,GEN_0885,O=C(Nc1ccccc1)SCCNS(=O)(=O)NCCc1ccccc1S(=O)(=O)NC(=O)c1ccn[nH]1,-7.7,GEN_0885_pose.pdbqt
26,GEN_0092,O=C(CNS(=O)(=O)CSc1cccc2[nH]ccc12)Nc1ccccc1CCNS(=O)(=O)c1ccccc1,-7.7,GEN_0092_pose.pdbqt
27,GEN_0707,O=C(O)Cc1ccccc1NC(=O)CCCOCCONCCc1cccc2ccccc12,-7.6,GEN_0707_pose.pdbqt
28,GEN_0228,O=C(NC(F)(F)F)NS(=O)(=O)OCCOC(=O)Nc1cccc2nc[nH]c12,-7.6,GEN_0228_pose.pdbqt
29,GEN_0263,O=C(NNS(=O)(=O)NC(=O)c1cccc(-c2ccccc2)c1)Nc1ccccc1,-7.6,GEN_0263_pose.pdbqt
30,GEN_0300,O=C(Cc1cccc(-c2ccccc2)c1)Nc1ccccc1COF,-7.6,GEN_0300_pose.pdbqt
31,GEN_0912,O=C(Nc1ccccc1)C(=O)Nc1cccc2[nH]cnc12,-7.6,GEN_0912_pose.pdbqt
32,GEN_0963,O=C(CC(=O)NOc1ccccc1)NNC(=O)C(=O)c1cccc2ncncc12,-7.6,GEN_0963_pose.pdbqt
33,GEN_0622,O=S(=O)(NCCOCCONCOCc1cccc(-c2ccccc2)c1)c1ccccc1,-7.6,GEN_0622_pose.pdbqt
34,GEN_0607,O=C(CCNCCOC(=O)COCN1c2ccccc2Sc2ccccc21)NCCO,-7.6,GEN_0607_pose.pdbqt
35,GEN_0184,NC(=O)CCOCc1ccccc1NCCOCCNC(=O)COCc1cccc2nc[nH]c12,-7.6,GEN_0184_pose.pdbqt
36,GEN_0062,O=C(CCNCCc1cccc2ncccc12)ONc1ccccc1,-7.6,GEN_0062_pose.pdbqt
37,GEN_0349,O=S(=O)(NCCCCNS(=O)(=O)c1ccccc1)SCc1cccc(-c2ccccc2)c1,-7.6,GEN_0349_pose.pdbqt
38,GEN_0093,O=C(CCNCCOC(=O)NCCc1cccc2nc3ccccc3cc12)NCCO,-7.6,GEN_0093_pose.pdbqt
39,GEN_0743,NC(=O)CSCc1ccccc1NC(=O)CSCCOC(=O)CSc1cccc2nc3ccccc3cc12,-7.6,GEN_0743_pose.pdbqt
40,GEN_0298,O=C(CSc1cccc2scnc12)ONC(=O)C(=O)NCCOOCNc1ccccc1,-7.5,GEN_0298_pose.pdbqt
41,GEN_0750,O=C(NNS(=O)(=O)c1ccccc1)c1ccccc1NONCCc1cccc2ccccc12,-7.5,GEN_0750_pose.pdbqt
42,GEN_0980,O=C(NCCO)NC(=O)N1c2ccccc2Sc2ccccc21,-7.5,GEN_0980_pose.pdbqt
43,GEN_0336,O=C(NCOCOCc1cccc2nc3ccccc3cc12)Nc1ccccc1,-7.5,GEN_0336_pose.pdbqt
44,GEN_0098,O=C(NCOOCc1ccccc1)N1c2ccccc2Sc2ccccc21,-7.5,GEN_0098_pose.pdbqt
45,GEN_0364,NCc1ccccc1NC(=O)NC(=O)OC(=O)COc1cccc2nc3ccccc3cc12,-7.5,GEN_0364_pose.pdbqt
46,GEN_0101,CNS(=O)(=O)C(=O)NC(=O)SCNC(=O)CCCc1cccc2scnc12,-7.4,GEN_0101_pose.pdbqt
47,GEN_0599,O=C(NNCCCl)C(=O)Nc1cccc(-c2ccccc2)c1,-7.4,GEN_0599_pose.pdbqt
48,GEN_0433,O=C(CCCCOC(=O)C(=O)c1cccc2scnc12)Nc1ccccc1,-7.4,GEN_0433_pose.pdbqt
49,GEN_0920,NC(=O)COCc1ccccc1NC(=O)CCNNCc1cccc2ncccc12,-7.4,GEN_0920_pose.pdbqt
50,GEN_0941,CNS(=O)(=O)C(=O)NNC(=O)CNC(=O)c1cccc2nc3ccccc3cc12,-7.4,GEN_0941_pose.pdbqt
51,GEN_0397,NC(=O)NC(=O)N1c2ccccc2Sc2ccccc21,-7.4,GEN_0397_pose.pdbqt
52,GEN_0445,c1ccc(OCCOCCCc2cccc(-c3ccccc3)c2)cc1,-7.4,GEN_0445_pose.pdbqt
53,GEN_0939,O=C(CCCNCCc1cccc(-c2ccccc2)c1)NNC(=O)C(=O)Nc1ccccc1SCOc1ccccc1,-7.4,GEN_0939_pose.pdbqt
54,GEN_0842,O=C(Nc1cccc2ccccc12)OCc1ccccc1,-7.4,GEN_0842_pose.pdbqt
55,GEN_0474,O=C(NCCO)NCCc1ccccc1NNC(=O)c1cccc2scnc12,-7.3,GEN_0474_pose.pdbqt
56,GEN_0361,O=C(Nc1ccccc1)Nc1ccccc1NOC(=O)C(=O)c1cccc2ncncc12,-7.3,GEN_0361_pose.pdbqt
57,GEN_0772,CNS(=O)(=O)CONCCCNC(=O)CCCc1cccc2nc[nH]c12,-7.3,GEN_0772_pose.pdbqt
58,GEN_0284,NC(=O)OC(=O)Cc1cccc2nc3ccccc3cc12,-7.3,GEN_0284_pose.pdbqt
59,GEN_0205,O=C(NNc1ccccc1CCNF)c1cccc2ccccc12,-7.3,GEN_0205_pose.pdbqt
60,GEN_0172,CNS(=O)(=O)CSc1ccccc1NCCCc1ccccc1COc1cccc2ncncc12,-7.3,GEN_0172_pose.pdbqt
61,GEN_0191,O=C(F)Nc1ccccc1S(=O)(=O)Nc1cccc2ccccc12,-7.3,GEN_0191_pose.pdbqt
62,GEN_0181,O=S(=O)(NCSOCSOCCOCCc1cccc2ccccc12)c1ccccc1,-7.3,GEN_0181_pose.pdbqt
63,GEN_0399,COSCOCCNC(=O)COCONCCc1cccc2nc3ccccc3cc12,-7.3,GEN_0399_pose.pdbqt
64,GEN_0108,O=C(O)C(=O)NOCCOCCCc1cccc(-c2ccccc2)c1,-7.3,GEN_0108_pose.pdbqt
65,GEN_0811,NS(=O)(=O)CSNC(=O)NCCOCCNC(=O)COCc1cccc2ccccc12,-7.3,GEN_0811_pose.pdbqt
66,GEN_0490,O=C(NNS(=O)(=O)c1ccccc1)c1cccc2ccccc12,-7.3,GEN_0490_pose.pdbqt
67,GEN_0472,NS(=O)(=O)CCc1ccccc1S(=O)(=O)NC(=O)NCNS(=O)(=O)C(=O)Nc1cccc2ncccc12,-7.3,GEN_0472_pose.pdbqt
68,GEN_0593,O=C(COCN1c2ccccc2Sc2ccccc21)NCCOCCNc1ccccc1,-7.3,GEN_0593_pose.pdbqt
69,GEN_0323,CNNCCCCOC(=O)NCCc1cccc2nc3ccccc3cc12,-7.3,GEN_0323_pose.pdbqt
70,GEN_0690,O=S(=O)(CCNc1ccccc1S(=O)(=O)NCCNCCc1cccnc1)NNCCOCc1ccccc1,-7.2,GEN_0690_pose.pdbqt
71,GEN_0965,N#CCc1ccccc1NOCc1cccc(-c2ccccc2)c1,-7.2,GEN_0965_pose.pdbqt
72,GEN_0570,O=C(NC(F)(F)F)N1c2ccccc2Sc2ccccc21,-7.2,GEN_0570_pose.pdbqt
73,GEN_0412,O=C(CNC(=O)c1ccccc1S(=O)(=O)NOCc1cccs1)NNC(=O)OCc1ccccc1,-7.2,GEN_0412_pose.pdbqt
74,GEN_0276,O=C(NCCO)C(=O)Nc1ccccc1COC(=O)c1cccc2nc3ccccc3cc12,-7.2,GEN_0276_pose.pdbqt
75,GEN_0283,COCCc1ccccc1NC(=O)c1cccc(-c2ccccc2)c1,-7.2,GEN_0283_pose.pdbqt
76,GEN_0530,O=C(NCCO)NCCc1ccccc1NCOCNS(=O)(=O)OCc1cccc2scnc12,-7.2,GEN_0530_pose.pdbqt
77,GEN_0979,O=C(Nc1ccccc1S(=O)(=O)NCCNc1cccc2[nH]ccc12)C(F)(F)F,-7.2,GEN_0979_pose.pdbqt
78,GEN_0013,O=C(CCc1cccc2ncccc12)NC(=O)NC(=O)NCCOCO,-7.2,GEN_0013_pose.pdbqt
79,GEN_0253,O=C(COCNS(=O)(=O)C(=O)NS(=O)(=O)CCNc1cccc(-c2ccccc2)c1)NCCO,-7.2,GEN_0253_pose.pdbqt
80,GEN_0773,O=S(=O)(NCCNCCN1c2ccccc2Sc2ccccc21)NOc1ccccc1,-7.2,GEN_0773_pose.pdbqt
81,GEN_0633,O=C(CCCNCCc1cccc2[nH]ccc12)OCCOCNS(=O)(=O)c1ccccc1,-7.2,GEN_0633_pose.pdbqt
82,GEN_0744,O=C(CNC(=O)c1cccc2[nH]cnc12)NC(=O)NF,-7.1,GEN_0744_pose.pdbqt
83,GEN_0471,NC(=O)Cc1ccccc1NCOCN1c2ccccc2Sc2ccccc21,-7.1,GEN_0471_pose.pdbqt
84,GEN_0037,O=C(NCOCl)C(=O)Nc1cccc2nc3ccccc3cc12,-7.1,GEN_0037_pose.pdbqt
85,GEN_0327,NC(=O)NC(=O)c1ccccc1NC(=O)CSc1cccc2[nH]cnc12,-7.1,GEN_0327_pose.pdbqt
86,GEN_0226,c1ccc(NCCCNSCc2cccc3[nH]cnc23)cc1,-7.1,GEN_0226_pose.pdbqt
87,GEN_0785,O=C(Nc1cccc(-c2ccccc2)c1)OCc1ccccc1CCNCl,-7.1,GEN_0785_pose.pdbqt
88,GEN_0379,O=C(NOOCc1ccccc1S(=O)(=O)Nc1cccc2ccccc12)Nc1ccccc1,-7.1,GEN_0379_pose.pdbqt
89,GEN_0864,CONCCc1ccccc1NC(=O)Cc1ccccc1OCc1cccc2ccccc12,-7.1,GEN_0864_pose.pdbqt
90,GEN_0331,O=C(NOCCONCCN1c2ccccc2Sc2ccccc21)NS(=O)(=O)c1ccccc1,-7.1,GEN_0331_pose.pdbqt
91,GEN_0091,O=S(=O)(CSc1cccc2[nH]ccc12)NCCSNS(=O)(=O)c1ccccc1,-7.1,GEN_0091_pose.pdbqt
92,GEN_0099,NS(=O)(=O)SCNC(=O)CCNc1cccc(-c2ccccc2)c1,-7.1,GEN_0099_pose.pdbqt
93,GEN_0797,CCOC(=O)NC(=O)NC(=O)CNS(=O)(=O)Cc1cccc2[nH]cnc12,-7.1,GEN_0797_pose.pdbqt
94,GEN_0848,c1ccc(NCOc2ccccc2NNCCc2cccc3ncccc23)cc1,-7.1,GEN_0848_pose.pdbqt
95,GEN_0369,c1ccc(NCCCOCCOCOc2cccc3scnc23)cc1,-7.1,GEN_0369_pose.pdbqt
96,GEN_0592,O=C(NC(F)(F)F)c1ccccc1S(=O)(=O)NOCc1cccc2[nH]ccc12,-7.1,GEN_0592_pose.pdbqt
97,GEN_0793,O=C(NC(=O)c1cccc2ccccc12)OC(=O)C(=O)OCCNCCCl,-7.1,GEN_0793_pose.pdbqt
98,GEN_0137,O=C(Nc1ccccc1SCNCSNS(=O)(=O)c1ccccc1)C(=O)c1ccco1,-7.1,GEN_0137_pose.pdbqt
99,GEN_0611,CNS(=O)(=O)C(=O)c1ccccc1NC(=O)C(=O)c1cccc2nc3ccccc3cc12,-7.0,GEN_0611_pose.pdbqt
100,GEN_0156,O=C(COCCCCNC(=O)Nc1cccc2nc3ccccc3cc12)NO,-7.0,GEN_0156_pose.pdbqt
101,GEN_0066,CCOC(=O)COCNS(=O)(=O)COCc1ccccc1S(=O)(=O)NC(=O)Nc1ccn[nH]1,-7.0,GEN_0066_pose.pdbqt
102,GEN_0070,NS(=O)(=O)C(=O)Nc1cccc2ccccc12,-7.0,GEN_0070_pose.pdbqt
103,GEN_0273,NC(=O)CC(=O)Nc1ccccc1S(=O)(=O)NOC(=O)NN1c2ccccc2Sc2ccccc21,-7.0,GEN_0273_pose.pdbqt
104,GEN_0741,NS(=O)(=O)C(=O)NCCOC(=O)CCNCCNC(=O)C(=O)Nc1cccc2scnc12,-7.0,GEN_0741_pose.pdbqt
105,GEN_0872,O=C(NNS(=O)(=O)CCNCCc1cccc2nc[nH]c12)OCOCC(F)(F)F,-7.0,GEN_0872_pose.pdbqt
106,GEN_0755,c1ccc(NCCNOCCOCc2cccc3nc[nH]c23)cc1,-7.0,GEN_0755_pose.pdbqt
107,GEN_0163,CCOC(=O)CCc1ccccc1NCc1cccc(-c2ccccc2)c1,-7.0,GEN_0163_pose.pdbqt
108,GEN_0241,O=C(COCc1ccccc1COCCc1cccc2ncncc12)Nc1ccccc1,-7.0,GEN_0241_pose.pdbqt
109,GEN_0573,N#CCCNc1ccccc1CONC(=O)c1cccc(-c2ccccc2)c1,-7.0,GEN_0573_pose.pdbqt
110,GEN_0623,O=C(F)OC(=O)CSc1ccccc1S(=O)(=O)NNCCc1cccc2ncccc12,-7.0,GEN_0623_pose.pdbqt
111,GEN_0721,O=C(O)COOCCNC(=O)CCCNC(=O)CNCCc1cccc2ccccc12,-7.0,GEN_0721_pose.pdbqt
112,GEN_0539,NS(=O)(=O)COCCCNCOCc1cccc2nc3ccccc3cc12,-7.0,GEN_0539_pose.pdbqt
113,GEN_0595,O=S(=O)(NCCNCCN1c2ccccc2Sc2ccccc21)c1ccccc1,-7.0,GEN_0595_pose.pdbqt
114,GEN_0635,O=C(CCCOc1cccc2[nH]ccc12)NCCOCSC(F)(F)F,-7.0,GEN_0635_pose.pdbqt
115,GEN_0278,NS(=O)(=O)C(=O)Nc1ccccc1ONC(=O)c1cccc2[nH]cnc12,-7.0,GEN_0278_pose.pdbqt
116,GEN_0949,O=C(Nc1ccccc1)C(=O)c1ccccc1S(=O)(=O)NCCNc1ccccc1OOCc1cccc2[nH]ccc12,-7.0,GEN_0949_pose.pdbqt
117,GEN_0503,O=C(CCNCSc1cccc2scnc12)S(=O)(=O)NCCCNCCNS(=O)(=O)c1ccccc1,-7.0,GEN_0503_pose.pdbqt
118,GEN_0355,N#CC(=O)CNNC(=O)c1cccc2nc[nH]c12,-6.9,GEN_0355_pose.pdbqt
119,GEN_0856,O=C(Nc1ccccc1)c1ccccc1OCCNc1cccnc1,-6.9,GEN_0856_pose.pdbqt
120,GEN_0712,O=C(O)CNC(=O)CCCNCCc1cccc2ccccc12,-6.9,GEN_0712_pose.pdbqt
121,GEN_0534,CCNCCCNC(=O)CCCNS(=O)(=O)NCCc1cccc2nc[nH]c12,-6.9,GEN_0534_pose.pdbqt
122,GEN_0879,O=C(OCCO)c1ccccc1S(=O)(=O)Nc1cccc2nc3ccccc3cc12,-6.9,GEN_0879_pose.pdbqt
123,GEN_0115,O=C(CCSc1cccc2[nH]cnc12)NCCNC(F)(F)F,-6.9,GEN_0115_pose.pdbqt
124,GEN_0260,O=C(CNS(=O)(=O)c1ccn[nH]1)OCc1ccccc1,-6.9,GEN_0260_pose.pdbqt
125,GEN_0097,NC(=O)NC(=O)c1ccccc1S(=O)(=O)NCOc1cccc(-c2ccccc2)c1,-6.9,GEN_0097_pose.pdbqt
126,GEN_0462,N#CCOCc1ccccc1S(=O)(=O)NCOc1ccccc1NNCCc1cccs1,-6.9,GEN_0462_pose.pdbqt
127,GEN_0028,O=C(CCOCCNCCCc1cccc2nc3ccccc3cc12)NCCNCCC(F)(F)F,-6.9,GEN_0028_pose.pdbqt
128,GEN_0786,O=C(COCc1cccc2nc[nH]c12)NC(=O)C(=O)Nc1ccccc1OCc1ccccc1,-6.9,GEN_0786_pose.pdbqt
129,GEN_0585,O=C(NOc1ccccc1)c1ccccc1OSCc1ccco1,-6.9,GEN_0585_pose.pdbqt
130,GEN_0123,O=C(O)NCCNC(=O)COCc1ccccc1NC(=O)CSc1cccc2ncccc12,-6.9,GEN_0123_pose.pdbqt
131,GEN_0303,O=C(CCCN1c2ccccc2Sc2ccccc21)NCCO,-6.9,GEN_0303_pose.pdbqt
132,GEN_0908,O=C(NCCCOOCCO)NCNS(=O)(=O)CCCc1cccc2ncncc12,-6.9,GEN_0908_pose.pdbqt
133,GEN_0981,O=C(c1cccc2ccccc12)S(=O)(=O)NCNCCNc1ccccc1,-6.9,GEN_0981_pose.pdbqt
134,GEN_0510,CCOC(=O)CSCCOC(=O)CONC(=O)CNC(=O)c1cccc2nc3ccccc3cc12,-6.9,GEN_0510_pose.pdbqt
135,GEN_0638,O=C(NCCc1cccc2[nH]ccc12)Nc1ccccc1C(=O)C(=O)NCCO,-6.9,GEN_0638_pose.pdbqt
136,GEN_0473,O=C(CCCc1cccc2scnc12)NCCONC(=O)OCCOSCF,-6.9,GEN_0473_pose.pdbqt
137,GEN_0790,O=C(CCOCCOOCc1cccc2nc3ccccc3cc12)NCCO,-6.8,GEN_0790_pose.pdbqt
138,GEN_0315,O=C(Nc1ccccc1OCCCc1cccc2nc[nH]c12)C(F)(F)F,-6.8,GEN_0315_pose.pdbqt
139,GEN_0039,O=C(NNc1ccccc1)c1cccc2ncccc12,-6.8,GEN_0039_pose.pdbqt
140,GEN_0438,O=C(O)NC(=O)c1ccccc1NCCNC(=O)SCc1cccc2scnc12,-6.8,GEN_0438_pose.pdbqt
141,GEN_0133,CNS(=O)(=O)CCc1ccccc1COSCN1c2ccccc2Sc2ccccc21,-6.8,GEN_0133_pose.pdbqt
142,GEN_0338,NC(=O)CC(=O)NCNS(=O)(=O)SCOCCOCOCc1cccc2nc3ccccc3cc12,-6.8,GEN_0338_pose.pdbqt
143,GEN_0594,CNCOCCNC(=O)COCOCCNCCc1cccc2nc3ccccc3cc12,-6.8,GEN_0594_pose.pdbqt
144,GEN_0837,NC(=O)CCCNCCc1cccc2[nH]cnc12,-6.8,GEN_0837_pose.pdbqt
145,GEN_0048,O=C(NCCCSOc1ccccc1C(=O)NOCc1ccccc1)c1ccn[nH]1,-6.8,GEN_0048_pose.pdbqt
146,GEN_0627,O=C(CSc1cccc2nc3ccccc3cc12)Nc1ccccc1,-6.8,GEN_0627_pose.pdbqt
147,GEN_0784,CNC(=O)OCCNC(=O)NCCc1cccc2[nH]ccc12,-6.8,GEN_0784_pose.pdbqt
148,GEN_0432,NC(=O)NCCOCCOC(=O)c1cccc2[nH]ccc12,-6.8,GEN_0432_pose.pdbqt
149,GEN_0072,O=C(CCc1cccc2ncccc12)Nc1ccccc1,-6.8,GEN_0072_pose.pdbqt
150,GEN_0926,O=C(NNCF)c1cccc2nc3ccccc3cc12,-6.8,GEN_0926_pose.pdbqt
151,GEN_0352,O=C(Nc1ccccc1)SCc1cccc2nc3ccccc3cc12,-6.8,GEN_0352_pose.pdbqt
152,GEN_0413,O=C(NCl)N1c2ccccc2Sc2ccccc21,-6.8,GEN_0413_pose.pdbqt
153,GEN_0415,O=C(Nc1ccccc1)NS(=O)(=O)C(=O)c1ccccc1S(=O)(=O)NCCCc1cccs1,-6.8,GEN_0415_pose.pdbqt
154,GEN_0261,c1ccc(OCc2cccc(-c3ccccc3)c2)cc1,-6.8,GEN_0261_pose.pdbqt
155,GEN_0216,FC(F)(F)NCCCNCCc1cccc2[nH]ccc12,-6.8,GEN_0216_pose.pdbqt
156,GEN_0447,CNCOCOC(=O)N1c2ccccc2Sc2ccccc21,-6.8,GEN_0447_pose.pdbqt
157,GEN_0546,O=C(NCOCNS(=O)(=O)c1ccccc1)SCN1c2ccccc2Sc2ccccc21,-6.8,GEN_0546_pose.pdbqt
158,GEN_0161,FC(F)(F)SCCCNCCc1cccc2[nH]ccc12,-6.8,GEN_0161_pose.pdbqt
159,GEN_0621,NS(=O)(=O)CSc1cccc2nc3ccccc3cc12,-6.8,GEN_0621_pose.pdbqt
160,GEN_0388,O=C(COc1cccc2[nH]ccc12)NCCOCOCC(=O)Nc1ccccc1,-6.8,GEN_0388_pose.pdbqt
161,GEN_0519,NNC(=O)OC(=O)CSNS(=O)(=O)SCN1c2ccccc2Sc2ccccc21,-6.8,GEN_0519_pose.pdbqt
162,GEN_0955,CCOC(=O)CCNOCCONCCNC(=O)CNCCc1cccc2[nH]ccc12,-6.7,GEN_0955_pose.pdbqt
163,GEN_0761,O=C(Br)NOCCOCCCNC(=O)Nc1cccc2ncccc12,-6.7,GEN_0761_pose.pdbqt
164,GEN_0861,FC(F)(F)CCNCCc1cccc2ccccc12,-6.7,GEN_0861_pose.pdbqt
165,GEN_0325,O=C(CSCOCCNc1cccc2ncccc12)NCCOCSF,-6.7,GEN_0325_pose.pdbqt
166,GEN_0359,CCOC(=O)NC(=O)NC(=O)CCSc1ccccc1NCCCc1ccco1,-6.7,GEN_0359_pose.pdbqt
167,GEN_0239,O=S(=O)(NCCc1ccccc1COCOc1cccc2ncccc12)c1ccccc1,-6.7,GEN_0239_pose.pdbqt
168,GEN_0833,CNCOCc1ccccc1NC(=O)NCCOC(=O)CCCc1ccco1,-6.7,GEN_0833_pose.pdbqt
169,GEN_0485,CCOC(=O)C(=O)c1ccccc1NC(=O)CCc1cccc2[nH]cnc12,-6.7,GEN_0485_pose.pdbqt
170,GEN_0052,O=C(F)Nc1ccccc1S(=O)(=O)NCc1cccc2[nH]cnc12,-6.7,GEN_0052_pose.pdbqt
171,GEN_0831,NS(=O)(=O)C(=O)NC(=O)CC(=O)c1ccccc1S(=O)(=O)NCCc1ccn[nH]1,-6.7,GEN_0831_pose.pdbqt
172,GEN_0085,O=C(NCCc1ccco1)OOCNc1ccccc1,-6.7,GEN_0085_pose.pdbqt
173,GEN_0748,CCOC(=O)CCc1ccccc1NC(=O)CSc1cccc2nc3ccccc3cc12,-6.7,GEN_0748_pose.pdbqt
174,GEN_0120,NC(=O)NNNC(=O)c1cccc2[nH]cnc12,-6.7,GEN_0120_pose.pdbqt
175,GEN_0752,CCNCOCCCNOCc1cccc(-c2ccccc2)c1,-6.7,GEN_0752_pose.pdbqt
176,GEN_0150,O=C(O)CCOCCNC(=O)C(=O)Nc1ccccc1OCCc1cccc2ncncc12,-6.7,GEN_0150_pose.pdbqt
177,GEN_0316,CNC(=O)Nc1cccc2ccccc12,-6.7,GEN_0316_pose.pdbqt
178,GEN_0293,O=C(Nc1ccccc1COCCCc1ccccc1CONCCc1ccn[nH]1)Oc1ccccc1,-6.7,GEN_0293_pose.pdbqt
179,GEN_0723,O=C(NNS(=O)(=O)c1ccccc1S(=O)(=O)NSCO)c1cccc2ncccc12,-6.7,GEN_0723_pose.pdbqt
180,GEN_0716,CCOC(=O)NC(=O)c1ccccc1NC(=O)CCNOCCNC(=O)CCc1ccco1,-6.7,GEN_0716_pose.pdbqt
181,GEN_0016,N#CCCCc1ccccc1NC(=O)NC(=O)CCOC(=O)SCc1cccc2ncncc12,-6.7,GEN_0016_pose.pdbqt
182,GEN_0442,O=C(NS(=O)(=O)c1ccccc1NCCNS(=O)(=O)c1ccccc1)c1cccc(-c2ccccc2)c1,-6.7,GEN_0442_pose.pdbqt
183,GEN_0629,FC(F)(F)CCCNNCCc1cccc2ncncc12,-6.6,GEN_0629_pose.pdbqt
184,GEN_0526,O=C(CCNNC(=O)c1cccc2[nH]cnc12)NBr,-6.6,GEN_0526_pose.pdbqt
185,GEN_0372,NNC(=O)c1cccc2[nH]ccc12,-6.6,GEN_0372_pose.pdbqt
186,GEN_0030,O=C(CCNCCc1cccc2[nH]ccc12)NC(=O)C(=O)Nc1ccccc1,-6.6,GEN_0030_pose.pdbqt
187,GEN_0732,O=C(NCCO)NCCc1ccccc1NCCNC(=O)SCc1cccnc1,-6.6,GEN_0732_pose.pdbqt
188,GEN_0940,O=C(CCCNc1cccs1)NOCNS(=O)(=O)c1ccccc1,-6.6,GEN_0940_pose.pdbqt
189,GEN_0182,O=C(CSc1cccc2ccccc12)Nc1ccccc1,-6.6,GEN_0182_pose.pdbqt
190,GEN_0311,O=C(NCOCCNc1ccccc1NOCc1cccc2ncncc12)C(=O)Nc1ccccc1,-6.6,GEN_0311_pose.pdbqt
191,GEN_0047,O=C(O)NCCCCOC(=O)C(=O)Nc1cccnc1,-6.6,GEN_0047_pose.pdbqt
192,GEN_0440,O=S(=O)(NCCNc1ccccc1COSCc1cccc2nc[nH]c12)c1ccccc1,-6.6,GEN_0440_pose.pdbqt
193,GEN_0248,FCCNCCc1cccc2nc3ccccc3cc12,-6.6,GEN_0248_pose.pdbqt
194,GEN_0094,CCOC(=O)CCCc1ccccc1COC(=O)c1cccc2ncncc12,-6.6,GEN_0094_pose.pdbqt
195,GEN_0330,FC(F)(F)SCc1cccc(-c2ccccc2)c1,-6.6,GEN_0330_pose.pdbqt
196,GEN_0343,O=C(Nc1cccc2nc[nH]c12)C(=O)OCONc1ccccc1CC(F)(F)F,-6.6,GEN_0343_pose.pdbqt
197,GEN_0018,O=S(=O)(NCCc1cccc2ncncc12)c1ccccc1,-6.6,GEN_0018_pose.pdbqt
198,GEN_0669,c1ccc(NNCCc2cccc3ccccc23)cc1,-6.6,GEN_0669_pose.pdbqt
199,GEN_0053,O=C(Cl)Nc1ccccc1Nc1cccc2ccccc12,-6.6,GEN_0053_pose.pdbqt
200,GEN_0834,O=C(CCOC(=O)c1cccc2[nH]cnc12)NC(=O)Nc1ccccc1,-6.6,GEN_0834_pose.pdbqt
201,GEN_0081,O=C(CCOC(=O)CCc1cccc2ncccc12)NC(F)(F)F,-6.6,GEN_0081_pose.pdbqt
202,GEN_0027,O=C(CCc1cccc2ncccc12)NCS(=O)(=O)NCCOCF,-6.6,GEN_0027_pose.pdbqt
203,GEN_0020,O=C(CNC(=O)NCCc1cccc2scnc12)NCCOCCNCCOCc1ccccc1,-6.6,GEN_0020_pose.pdbqt
204,GEN_0975,c1ccc(NCOc2cccc3nc4ccccc4cc23)cc1,-6.6,GEN_0975_pose.pdbqt
205,GEN_0035,CNS(=O)(=O)CCCCCNOCc1ccccc1NC(=O)CCc1cccc2[nH]ccc12,-6.6,GEN_0035_pose.pdbqt
206,GEN_0034,N#CNCCCCOC(=O)CCNc1cccc2ncccc12,-6.5,GEN_0034_pose.pdbqt
207,GEN_0643,O=C(CNC(=O)c1cccc2nc3ccccc3cc12)NSCCl,-6.5,GEN_0643_pose.pdbqt
208,GEN_0154,O=C(NCCO)NC(=O)c1cccc2scnc12,-6.5,GEN_0154_pose.pdbqt
209,GEN_0606,O=C(Nc1ccccc1CONCOC(F)(F)F)Nc1cccc2ncncc12,-6.5,GEN_0606_pose.pdbqt
210,GEN_0088,O=C(COc1cccc2ncncc12)OCC(F)(F)F,-6.5,GEN_0088_pose.pdbqt
211,GEN_0441,N#CC(=O)c1cccc2nc3ccccc3cc12,-6.5,GEN_0441_pose.pdbqt
212,GEN_0259,CCOC(=O)NC(=O)NS(=O)(=O)CCCc1cccc2scnc12,-6.5,GEN_0259_pose.pdbqt
213,GEN_0434,O=C(Nc1ccccc1)C(=O)NS(=O)(=O)COc1cccc2scnc12,-6.5,GEN_0434_pose.pdbqt
214,GEN_0177,c1ccc(NNCCc2ccn[nH]2)cc1,-6.5,GEN_0177_pose.pdbqt
215,GEN_0569,CONCCc1ccccc1NCN1c2ccccc2Sc2ccccc21,-6.5,GEN_0569_pose.pdbqt
216,GEN_0031,CCNCOCOCCNCCOC(=O)N1c2ccccc2Sc2ccccc21,-6.5,GEN_0031_pose.pdbqt
217,GEN_0040,O=C(NCCOOCS(=O)(=O)NCCCl)NC(=O)c1cccc2ccccc12,-6.5,GEN_0040_pose.pdbqt
218,GEN_0235,O=S(=O)(CCc1cccnc1)NCCNS(=O)(=O)c1ccccc1,-6.5,GEN_0235_pose.pdbqt
219,GEN_0661,O=C(CCOC(=O)SCCNS(=O)(=O)CCNc1cccc2nc3ccccc3cc12)OCCO,-6.5,GEN_0661_pose.pdbqt
220,GEN_0227,O=C(O)NOCCOCCNCCc1cccc2ncncc12,-6.5,GEN_0227_pose.pdbqt
221,GEN_0801,N#CCOCOCOCNC(=O)CNC(=O)c1cccc2nc[nH]c12,-6.5,GEN_0801_pose.pdbqt
222,GEN_0901,O=C(O)SCc1ccccc1NC(=O)c1cccc2nc3ccccc3cc12,-6.5,GEN_0901_pose.pdbqt
223,GEN_0423,O=C(CCOC(=O)OCc1cccc2nc[nH]c12)NS(=O)(=O)NCCCNCCF,-6.5,GEN_0423_pose.pdbqt
224,GEN_0598,CNS(=O)(=O)CCNCOCc1cccc2ncccc12,-6.5,GEN_0598_pose.pdbqt
225,GEN_0467,ClCCNCCNCOc1ccccc1OSCc1cccc2[nH]cnc12,-6.5,GEN_0467_pose.pdbqt
226,GEN_0214,O=C(Br)Nc1cccc2nc3ccccc3cc12,-6.5,GEN_0214_pose.pdbqt
227,GEN_0270,N#Cc1cccc2nc3ccccc3cc12,-6.5,GEN_0270_pose.pdbqt
228,GEN_0252,NC(=O)CCNS(=O)(=O)Cc1cccc(-c2ccccc2)c1,-6.5,GEN_0252_pose.pdbqt
229,GEN_0957,O=C(Nc1cccc2[nH]ccc12)C(F)(F)F,-6.5,GEN_0957_pose.pdbqt
230,GEN_0076,O=C(COCCNCCCc1cccc2nc3ccccc3cc12)OOCOc1ccccc1,-6.5,GEN_0076_pose.pdbqt
231,GEN_0961,FC(F)(F)CSc1cccc(-c2ccccc2)c1,-6.5,GEN_0961_pose.pdbqt
232,GEN_0268,c1ccc(NCCCOSCOCCOOCc2cccc3[nH]cnc23)cc1,-6.5,GEN_0268_pose.pdbqt
233,GEN_0531,O=C(O)CCCOCCNC(=O)CNC(=O)C(=O)c1cccc2ncccc12,-6.5,GEN_0531_pose.pdbqt
234,GEN_0868,N#CSCCOCCNc1cccc(-c2ccccc2)c1,-6.5,GEN_0868_pose.pdbqt
235,GEN_0871,NC(=O)CCc1ccccc1NC(=O)CSc1cccc2[nH]ccc12,-6.5,GEN_0871_pose.pdbqt
236,GEN_0977,CNS(=O)(=O)CCNCCCOCSc1cccc2[nH]ccc12,-6.5,GEN_0977_pose.pdbqt
237,GEN_0050,O=C(NC(=O)c1ccccc1OSCc1cccc(-c2ccccc2)c1)OCCNCCOCCO,-6.5,GEN_0050_pose.pdbqt
238,GEN_0738,O=C(NOCCOCCCOCCCCOCc1ccccc1)c1cccc2scnc12,-6.5,GEN_0738_pose.pdbqt
239,GEN_0107,NOCCNS(=O)(=O)NCCNC(=O)CCCNCCc1cccc2scnc12,-6.5,GEN_0107_pose.pdbqt
240,GEN_0139,c1ccc(NCSc2cccc3[nH]cnc23)cc1,-6.5,GEN_0139_pose.pdbqt
241,GEN_0616,O=C(NCl)OC(=O)NCONC(=O)c1cccc2scnc12,-6.5,GEN_0616_pose.pdbqt
242,GEN_0564,O=C(Br)Nc1cccc(-c2ccccc2)c1,-6.5,GEN_0564_pose.pdbqt
243,GEN_0425,O=C(NNCCSNc1ccccc1)c1cccs1,-6.5,GEN_0425_pose.pdbqt
244,GEN_0597,CNC(=O)NC(=O)CCCNC(=O)NC(=O)c1ccco1,-6.5,GEN_0597_pose.pdbqt
245,GEN_0351,O=C(CSc1cccc2nc[nH]c12)NC(=O)Nc1ccccc1,-6.5,GEN_0351_pose.pdbqt
246,GEN_0919,CCNC(=O)Nc1cccc2ncncc12,-6.4,GEN_0919_pose.pdbqt
247,GEN_0737,CNNCCc1ccccc1OCc1cccc2nc[nH]c12,-6.4,GEN_0737_pose.pdbqt
248,GEN_0902,NC(=O)c1cccc(-c2ccccc2)c1,-6.4,GEN_0902_pose.pdbqt
249,GEN_0898,O=C(O)CSNC(=O)SCc1cccc2ccccc12,-6.4,GEN_0898_pose.pdbqt
250,GEN_0130,O=C(F)NNSCc1cccc2nc3ccccc3cc12,-6.4,GEN_0130_pose.pdbqt
251,GEN_0341,O=C(NCCO)NC(=O)OCc1cccc2scnc12,-6.4,GEN_0341_pose.pdbqt
252,GEN_0054,O=C(Nc1ccccc1COOCc1ccccc1)OCCOCc1ccn[nH]1,-6.4,GEN_0054_pose.pdbqt
253,GEN_0783,NS(=O)(=O)OCNC(=O)c1cccc2ncncc12,-6.4,GEN_0783_pose.pdbqt
254,GEN_0934,O=C(CCCc1cccc2nc[nH]c12)Nc1ccccc1,-6.4,GEN_0934_pose.pdbqt
255,GEN_0138,CNc1ccccc1OCSc1cccc2nc3ccccc3cc12,-6.4,GEN_0138_pose.pdbqt
256,GEN_0753,NC(=O)CCOc1ccccc1NOCc1cccc2ncccc12,-6.4,GEN_0753_pose.pdbqt
257,GEN_0999,O=C(Cl)CCOC(=O)CCOCCc1cccc2ccccc12,-6.4,GEN_0999_pose.pdbqt
258,GEN_0319,O=C(Nc1cccc2[nH]cnc12)C(F)(F)F,-6.4,GEN_0319_pose.pdbqt
259,GEN_0386,FCOCCNCCc1cccc2nc3ccccc3cc12,-6.4,GEN_0386_pose.pdbqt
260,GEN_0942,CCNCSNC(=O)OCOCCNC(=O)SCc1cccc2ncncc12,-6.4,GEN_0942_pose.pdbqt
261,GEN_0875,CCOC(=O)C(=O)NC(=O)CC(=O)c1cccc2ncncc12,-6.4,GEN_0875_pose.pdbqt
262,GEN_0335,O=C(NCCCCNS(=O)(=O)c1cccc(-c2ccccc2)c1)Oc1ccccc1,-6.4,GEN_0335_pose.pdbqt
263,GEN_0958,O=C(O)NCCc1cccc2[nH]ccc12,-6.4,GEN_0958_pose.pdbqt
264,GEN_0484,Fc1cccc2nc3ccccc3cc12,-6.4,GEN_0484_pose.pdbqt
265,GEN_0146,O=S(=O)(NCCNSCc1cccc2ncncc12)c1ccccc1SCOc1ccccc1,-6.4,GEN_0146_pose.pdbqt
266,GEN_0648,O=C(Nc1cccc2ncncc12)OCc1ccccc1,-6.4,GEN_0648_pose.pdbqt
267,GEN_0015,NC(=O)CCCNc1cccc(-c2ccccc2)c1,-6.4,GEN_0015_pose.pdbqt
268,GEN_0929,O=C(CCCc1cccc(-c2ccccc2)c1)NCCO,-6.4,GEN_0929_pose.pdbqt
269,GEN_0758,O=C(CCc1ccccc1NC(=O)CCNCCc1ccccc1OOCc1cccs1)Nc1ccccc1,-6.4,GEN_0758_pose.pdbqt
270,GEN_0747,O=C(COC(=O)CSc1cccc2nc3ccccc3cc12)NCCO,-6.4,GEN_0747_pose.pdbqt
271,GEN_0978,O=C(NCCO)NCCc1cccc2ccccc12,-6.4,GEN_0978_pose.pdbqt
272,GEN_0994,NC(=O)CCCCc1cccc2ncccc12,-6.3,GEN_0994_pose.pdbqt
273,GEN_0267,FC(F)(F)NCCc1ccccc1NCCCc1cccc2ncncc12,-6.3,GEN_0267_pose.pdbqt
274,GEN_0271,FC(F)(F)OCc1cccc2ccccc12,-6.3,GEN_0271_pose.pdbqt
275,GEN_0318,CCOC(=O)CCNc1cccc2nc3ccccc3cc12,-6.3,GEN_0318_pose.pdbqt
276,GEN_0132,N#CCCNc1cccc(-c2ccccc2)c1,-6.3,GEN_0132_pose.pdbqt
277,GEN_0310,c1ccc(COSCc2ccccc2CONCCc2cccc3nc[nH]c23)cc1,-6.3,GEN_0310_pose.pdbqt
278,GEN_0222,c1ccc(OCc2cccc3ncccc23)cc1,-6.3,GEN_0222_pose.pdbqt
279,GEN_0444,O=C(NS(=O)(=O)NCCSC(F)(F)F)c1cccc2nc3ccccc3cc12,-6.3,GEN_0444_pose.pdbqt
280,GEN_0512,FC(F)(F)OCNc1cccc2ccccc12,-6.3,GEN_0512_pose.pdbqt
281,GEN_0509,CNS(=O)(=O)COOC(=O)CCNCCc1cccc2nc[nH]c12,-6.3,GEN_0509_pose.pdbqt
282,GEN_0537,O=C(Nc1ccccc1)C(=O)Nc1cccc2scnc12,-6.3,GEN_0537_pose.pdbqt
283,GEN_0966,N#CCCNCCOCCOCCCc1cccc2ncccc12,-6.3,GEN_0966_pose.pdbqt
284,GEN_0292,O=C(O)NC(=O)c1cccc2nc[nH]c12,-6.3,GEN_0292_pose.pdbqt
285,GEN_0904,N#CNC(=O)c1cccc2ccccc12,-6.3,GEN_0904_pose.pdbqt
286,GEN_0943,O=S(=O)(NCCNc1cccc2[nH]ccc12)c1ccccc1,-6.3,GEN_0943_pose.pdbqt
287,GEN_0971,O=C(CCNc1cccc2nc[nH]c12)Nc1ccccc1,-6.3,GEN_0971_pose.pdbqt
288,GEN_0305,O=S(=O)(NOCc1cccc2[nH]cnc12)c1ccccc1,-6.3,GEN_0305_pose.pdbqt
289,GEN_0601,O=C(F)c1cccc(-c2ccccc2)c1,-6.3,GEN_0601_pose.pdbqt
290,GEN_0693,CCOC(=O)CCCc1ccccc1NCCNCNCOc1ccco1,-6.3,GEN_0693_pose.pdbqt
291,GEN_0931,O=S(=O)(NCOCCOCOCc1ccco1)c1ccccc1,-6.3,GEN_0931_pose.pdbqt
292,GEN_0426,NS(=O)(=O)C(=O)c1cccc2nc3ccccc3cc12,-6.3,GEN_0426_pose.pdbqt
293,GEN_0789,COCCNCCc1ccccc1S(=O)(=O)NCCNCCNS(=O)(=O)c1cccc2[nH]ccc12,-6.3,GEN_0789_pose.pdbqt
294,GEN_0237,COCCc1cccc2nc3ccccc3cc12,-6.3,GEN_0237_pose.pdbqt
295,GEN_0320,O=C(CCNCCc1ccn[nH]1)NCCOCC(=O)Nc1ccccc1,-6.3,GEN_0320_pose.pdbqt
296,GEN_0528,c1ccc(OCCc2ccccc2COc2cccc3[nH]cnc23)cc1,-6.3,GEN_0528_pose.pdbqt
297,GEN_0923,O=C(NCCO)C(=O)Nc1cccc2[nH]ccc12,-6.3,GEN_0923_pose.pdbqt
298,GEN_0718,NC(=O)COCc1ccccc1S(=O)(=O)NCCCCOCCNc1cccc(-c2ccccc2)c1,-6.3,GEN_0718_pose.pdbqt
299,GEN_0515,O=C(Oc1ccccc1NCCF)c1cccc2ccccc12,-6.3,GEN_0515_pose.pdbqt
300,GEN_0356,O=C(NC(F)(F)F)c1cccc2[nH]cnc12,-6.3,GEN_0356_pose.pdbqt
301,GEN_0478,O=C(CNCCc1ccccc1NCOc1cccs1)NC(=O)NBr,-6.3,GEN_0478_pose.pdbqt
302,GEN_0649,CNSCc1cccc2nc3ccccc3cc12,-6.3,GEN_0649_pose.pdbqt
303,GEN_0892,O=C(O)COCNC(=O)CNC(=O)c1ccccc1S(=O)(=O)NCCNN1c2ccccc2Sc2ccccc21,-6.3,GEN_0892_pose.pdbqt
304,GEN_0670,O=C(CC(=O)NOCc1cccc2nc3ccccc3cc12)NCOCBr,-6.3,GEN_0670_pose.pdbqt
305,GEN_0295,FC(F)(F)Cc1cccc2ncncc12,-6.3,GEN_0295_pose.pdbqt
306,GEN_0653,O=C(Br)NOCCNN1c2ccccc2Sc2ccccc21,-6.3,GEN_0653_pose.pdbqt
307,GEN_0659,O=C(NS(=O)(=O)NCOC(F)(F)F)c1cccc2nc[nH]c12,-6.3,GEN_0659_pose.pdbqt
308,GEN_0087,NC(=O)CC(=O)Nc1cccc2[nH]cnc12,-6.3,GEN_0087_pose.pdbqt
309,GEN_0918,O=C(CCNCCc1cccc2ncncc12)NCCO,-6.3,GEN_0918_pose.pdbqt
310,GEN_0258,N#CCOCN1c2ccccc2Sc2ccccc21,-6.3,GEN_0258_pose.pdbqt
311,GEN_0746,CNS(=O)(=O)OCc1ccccc1NC(=O)CSc1cccc2[nH]ccc12,-6.3,GEN_0746_pose.pdbqt
312,GEN_0511,NC(=O)CCCCN1c2ccccc2Sc2ccccc21,-6.3,GEN_0511_pose.pdbqt
313,GEN_0046,c1ccc(OCCCc2cccc3nc4ccccc4cc23)cc1,-6.3,GEN_0046_pose.pdbqt
314,GEN_0422,NS(=O)(=O)CCNc1ccccc1NNCCc1ccn[nH]1,-6.3,GEN_0422_pose.pdbqt
315,GEN_0672,CCNNCCOCCONC(=O)CCNc1cccc2[nH]cnc12,-6.3,GEN_0672_pose.pdbqt
316,GEN_0988,O=C(Cc1cccc(-c2ccccc2)c1)NCCO,-6.3,GEN_0988_pose.pdbqt
317,GEN_0491,O=C(Nc1ccccc1)OCc1cccc2[nH]ccc12,-6.3,GEN_0491_pose.pdbqt
318,GEN_0809,O=C(Nc1ccccc1)c1cccc2nc[nH]c12,-6.2,GEN_0809_pose.pdbqt
319,GEN_0408,NC(=O)COCNC(=O)CCCc1cccc2ncncc12,-6.2,GEN_0408_pose.pdbqt
320,GEN_0605,c1ccc(COCSc2cccc3nc4ccccc4cc23)cc1,-6.2,GEN_0605_pose.pdbqt
321,GEN_0583,NC(=O)COCc1cccc(-c2ccccc2)c1,-6.2,GEN_0583_pose.pdbqt
322,GEN_0609,c1ccc(OCCNCCc2ccco2)cc1,-6.2,GEN_0609_pose.pdbqt
323,GEN_0921,O=C(COCN1c2ccccc2Sc2ccccc21)NCCO,-6.2,GEN_0921_pose.pdbqt
324,GEN_0333,O=C(CSc1cccc2ncncc12)NCCOCCNCl,-6.2,GEN_0333_pose.pdbqt
325,GEN_0836,FC(F)(F)SCN1c2ccccc2Sc2ccccc21,-6.2,GEN_0836_pose.pdbqt
326,GEN_0112,CNS(=O)(=O)CCNCCNC(=O)CCNCCNCCCc1cccnc1,-6.2,GEN_0112_pose.pdbqt
327,GEN_0891,O=C(NNc1ccccc1NCCOCCO)OCCOC(=O)Nc1cccc2scnc12,-6.2,GEN_0891_pose.pdbqt
328,GEN_0212,c1ccc(OCCc2cccc(-c3ccccc3)c2)cc1,-6.2,GEN_0212_pose.pdbqt
329,GEN_0167,NNC(=O)c1cccc2[nH]cnc12,-6.2,GEN_0167_pose.pdbqt
330,GEN_0360,c1ccc(NSCCCNNCCN2c3ccccc3Sc3ccccc32)cc1,-6.2,GEN_0360_pose.pdbqt
331,GEN_0725,O=C(Nc1ccccc1)SCc1ccccc1S(=O)(=O)NCCNS(=O)(=O)SCc1cccc2nc[nH]c12,-6.2,GEN_0725_pose.pdbqt
332,GEN_0976,COCOc1ccccc1NC(=O)COCc1cccc2[nH]ccc12,-6.2,GEN_0976_pose.pdbqt
333,GEN_0561,O=C(Cl)NCNS(=O)(=O)SCc1ccccc1OCCNc1cccc2[nH]ccc12,-6.2,GEN_0561_pose.pdbqt
334,GEN_0262,O=C(Nc1cccs1)C(=O)OCCCCS(=O)(=O)NNCCOCc1ccccc1,-6.2,GEN_0262_pose.pdbqt
335,GEN_0116,O=C(OCCCCNOCCO)SCc1cccc2scnc12,-6.2,GEN_0116_pose.pdbqt
336,GEN_0358,N#CCCCNS(=O)(=O)C(=O)NN1c2ccccc2Sc2ccccc21,-6.2,GEN_0358_pose.pdbqt
337,GEN_0674,N#COCc1ccccc1Oc1cccc2[nH]cnc12,-6.2,GEN_0674_pose.pdbqt
338,GEN_0290,FC(F)(F)CCc1cccc2nc[nH]c12,-6.2,GEN_0290_pose.pdbqt
339,GEN_0391,O=C(O)COc1cccc(-c2ccccc2)c1,-6.2,GEN_0391_pose.pdbqt
340,GEN_0734,NC(=O)C(=O)Nc1cccc2[nH]ccc12,-6.2,GEN_0734_pose.pdbqt
341,GEN_0838,NS(=O)(=O)CCNC(=O)c1cccc(-c2ccccc2)c1,-6.2,GEN_0838_pose.pdbqt
342,GEN_0847,O=C(NC(F)(F)F)c1cccc2ncncc12,-6.2,GEN_0847_pose.pdbqt
343,GEN_0457,O=C(NC(F)(F)F)c1cccnc1,-6.2,GEN_0457_pose.pdbqt
344,GEN_0812,O=C(NCCc1ccco1)Nc1ccccc1,-6.2,GEN_0812_pose.pdbqt
345,GEN_0692,O=C(CCCc1cccc(-c2ccccc2)c1)NCSC(=O)NOCCO,-6.2,GEN_0692_pose.pdbqt
346,GEN_0989,O=C(OCCCCNCCOCc1ccccc1CCNc1ccccc1)C(=O)c1cccc2[nH]ccc12,-6.2,GEN_0989_pose.pdbqt
347,GEN_0189,O=C(Oc1ccccc1)c1cccc2[nH]cnc12,-6.2,GEN_0189_pose.pdbqt
348,GEN_0493,c1ccc(NCCCc2cccc(-c3ccccc3)c2)cc1,-6.2,GEN_0493_pose.pdbqt
349,GEN_0878,NCCCNNCCc1cccc2ccccc12,-6.2,GEN_0878_pose.pdbqt
350,GEN_0533,NCCOC(=O)Nc1cccc2nc[nH]c12,-6.2,GEN_0533_pose.pdbqt
351,GEN_0818,FNCCc1ccccc1Nc1cccc2[nH]cnc12,-6.2,GEN_0818_pose.pdbqt
352,GEN_0469,c1ccc(OCCNc2ccn[nH]2)cc1,-6.2,GEN_0469_pose.pdbqt
353,GEN_0575,O=C(CNC(=O)c1cccc2[nH]ccc12)C(=O)Nc1ccccc1CCNCCOc1ccccc1,-6.2,GEN_0575_pose.pdbqt
354,GEN_0435,N#CCCNc1cccc2nc3ccccc3cc12,-6.1,GEN_0435_pose.pdbqt
355,GEN_0340,O=C(Nc1ccccc1)c1ccccc1COCOCSc1cccnc1,-6.1,GEN_0340_pose.pdbqt
356,GEN_0105,O=C(Oc1ccccc1CCNCCCOCCl)c1cccc2ccccc12,-6.1,GEN_0105_pose.pdbqt
357,GEN_0455,NS(=O)(=O)NCCc1ccccc1NC(=O)COc1cccc(-c2ccccc2)c1,-6.1,GEN_0455_pose.pdbqt
358,GEN_0658,COCONC(=O)CCCCN1c2ccccc2Sc2ccccc21,-6.1,GEN_0658_pose.pdbqt
359,GEN_0671,BrCc1cccc2nc3ccccc3cc12,-6.1,GEN_0671_pose.pdbqt
360,GEN_0232,FC(F)(F)CCCc1cccc2nc[nH]c12,-6.1,GEN_0232_pose.pdbqt
361,GEN_0985,N#CC(=O)Nc1cccc2ncccc12,-6.1,GEN_0985_pose.pdbqt
362,GEN_0080,NC(=O)CNC(=O)c1cccc2[nH]cnc12,-6.1,GEN_0080_pose.pdbqt
363,GEN_0993,O=C(F)OC(=O)NCCc1cccc2[nH]ccc12,-6.1,GEN_0993_pose.pdbqt
364,GEN_0566,NOCc1cccc2nc3ccccc3cc12,-6.1,GEN_0566_pose.pdbqt
365,GEN_0843,CNNCCc1cccc(-c2ccccc2)c1,-6.1,GEN_0843_pose.pdbqt
366,GEN_0055,O=S(=O)(CSc1cccc2ccccc12)NBr,-6.1,GEN_0055_pose.pdbqt
367,GEN_0507,O=C(NF)c1ccccc1COCOCc1cccc2[nH]cnc12,-6.1,GEN_0507_pose.pdbqt
368,GEN_0792,O=C(Nc1ccccc1CC(F)(F)F)c1cccs1,-6.1,GEN_0792_pose.pdbqt
369,GEN_0131,CNS(=O)(=O)COCc1ccccc1COCSc1cccc2[nH]cnc12,-6.1,GEN_0131_pose.pdbqt
370,GEN_0218,O=S(=O)(NCSc1cccc2nc[nH]c12)c1ccccc1,-6.1,GEN_0218_pose.pdbqt
371,GEN_0392,NCCc1cccc2nc3ccccc3cc12,-6.1,GEN_0392_pose.pdbqt
372,GEN_0238,ClOCc1cccc(-c2ccccc2)c1,-6.1,GEN_0238_pose.pdbqt
373,GEN_0664,BrCOCN1c2ccccc2Sc2ccccc21,-6.1,GEN_0664_pose.pdbqt
374,GEN_0796,O=S(=O)(NCOCc1cccnc1)c1ccccc1COOCc1ccccc1,-6.1,GEN_0796_pose.pdbqt
375,GEN_0104,O=C(CSc1cccc2nc[nH]c12)Nc1ccccc1,-6.1,GEN_0104_pose.pdbqt
376,GEN_0933,NCCCc1cccc2ncccc12,-6.1,GEN_0933_pose.pdbqt
377,GEN_0492,c1ccc(OCOc2cccc3ncncc23)cc1,-6.1,GEN_0492_pose.pdbqt
378,GEN_0155,N#CC(=O)NCNS(=O)(=O)OCc1ccco1,-6.1,GEN_0155_pose.pdbqt
379,GEN_0113,O=C(CCNC(=O)c1cccnc1)NOCCO,-6.1,GEN_0113_pose.pdbqt
380,GEN_0265,O=C(NCCO)OCOC(=O)C(=O)Nc1cccc(-c2ccccc2)c1,-6.1,GEN_0265_pose.pdbqt
381,GEN_0845,NC(=O)NC(=O)c1ccccc1COCc1cccnc1,-6.1,GEN_0845_pose.pdbqt
382,GEN_0207,O=C(OCCCSNS(=O)(=O)c1ccccc1)OCOCOc1cccc2[nH]ccc12,-6.1,GEN_0207_pose.pdbqt
383,GEN_0525,FC(F)(F)CCNCCc1ccn[nH]1,-6.1,GEN_0525_pose.pdbqt
384,GEN_0051,CNS(=O)(=O)CCNOC(=O)COc1cccc2[nH]ccc12,-6.1,GEN_0051_pose.pdbqt
385,GEN_0430,O=C(CCNCCNS(=O)(=O)c1ccccc1NC(=O)CCCc1cccnc1)NCCO,-6.1,GEN_0430_pose.pdbqt
386,GEN_0078,N#CCCNOCCNC(=O)NC(=O)c1ccco1,-6.1,GEN_0078_pose.pdbqt
387,GEN_0596,O=C(O)CCNCCc1cccc2ncccc12,-6.1,GEN_0596_pose.pdbqt
388,GEN_0982,O=C(CCOC(=O)Cc1cccc2ccccc12)NF,-6.1,GEN_0982_pose.pdbqt
389,GEN_0317,c1ccc(Nc2cccc3ncccc23)cc1,-6.1,GEN_0317_pose.pdbqt
390,GEN_0996,NS(=O)(=O)CCNNC(=O)COOCc1cccs1,-6.1,GEN_0996_pose.pdbqt
391,GEN_0224,O=C(Nc1ccccc1)C(=O)c1ccccc1NCOCCOCCNCCc1cccnc1,-6.1,GEN_0224_pose.pdbqt
392,GEN_0867,NS(=O)(=O)CCCc1cccc2[nH]ccc12,-6.1,GEN_0867_pose.pdbqt
393,GEN_0590,NS(=O)(=O)CCCc1cccc2[nH]cnc12,-6.1,GEN_0590_pose.pdbqt
394,GEN_0703,O=S(=O)(NSCc1cccc2ncncc12)c1ccccc1,-6.1,GEN_0703_pose.pdbqt
395,GEN_0324,N#CCCNCCCNCOc1cccc2ncncc12,-6.1,GEN_0324_pose.pdbqt
396,GEN_0209,CCNCCNCCNS(=O)(=O)c1cccc2nc[nH]c12,-6.1,GEN_0209_pose.pdbqt
397,GEN_0406,O=C(ONCCOCc1ccccc1)SCc1cccs1,-6.1,GEN_0406_pose.pdbqt
398,GEN_0009,c1ccc(COCSc2cccc3nc[nH]c23)cc1,-6.1,GEN_0009_pose.pdbqt
399,GEN_0488,NS(=O)(=O)SCCNNCCc1ccccc1S(=O)(=O)NCOCc1cccc2[nH]cnc12,-6.1,GEN_0488_pose.pdbqt
400,GEN_0636,N#CCCc1cccc2nc3ccccc3cc12,-6.1,GEN_0636_pose.pdbqt
401,GEN_0269,NC(=O)CCNCOOCCNC(=O)OCc1cccc2[nH]cnc12,-6.1,GEN_0269_pose.pdbqt
402,GEN_0951,c1ccc(COCCNCCc2ccccc2ONCCc2cccc3ncccc23)cc1,-6.0,GEN_0951_pose.pdbqt
403,GEN_0119,O=C(CCNOCCOCCc1ccn[nH]1)NCCO,-6.0,GEN_0119_pose.pdbqt
404,GEN_0516,O=C(Cl)NOCCOc1cccc2nc[nH]c12,-6.0,GEN_0516_pose.pdbqt
405,GEN_0127,O=C(COc1cccc2[nH]ccc12)OCCCO,-6.0,GEN_0127_pose.pdbqt
406,GEN_0186,CNS(=O)(=O)CCc1cccc2nc3ccccc3cc12,-6.0,GEN_0186_pose.pdbqt
407,GEN_0014,FC(F)(F)NCCc1cccc2ncncc12,-6.0,GEN_0014_pose.pdbqt
408,GEN_0799,O=C(CON1c2ccccc2Sc2ccccc21)NCCO,-6.0,GEN_0799_pose.pdbqt
409,GEN_0523,FCCNCCc1cccc(-c2ccccc2)c1,-6.0,GEN_0523_pose.pdbqt
410,GEN_0728,O=C(NCCONC(=O)C(F)(F)F)c1ccco1,-6.0,GEN_0728_pose.pdbqt
411,GEN_0470,FC(F)(F)CCNc1cccc2[nH]ccc12,-6.0,GEN_0470_pose.pdbqt
412,GEN_0619,NC(=O)CCOCOCCCc1cccc2nc[nH]c12,-6.0,GEN_0619_pose.pdbqt
413,GEN_0903,NC(=O)NCCc1cccc2[nH]cnc12,-6.0,GEN_0903_pose.pdbqt
414,GEN_0038,CCOC(=O)NC(=O)c1cccnc1,-6.0,GEN_0038_pose.pdbqt
415,GEN_0043,N#CSCNC(=O)CNC(=O)c1cccc2ncncc12,-6.0,GEN_0043_pose.pdbqt
416,GEN_0168,NNCCc1ccccc1NCOCc1cccc2scnc12,-6.0,GEN_0168_pose.pdbqt
417,GEN_0562,CNS(=O)(=O)CCNc1cccc2ncncc12,-6.0,GEN_0562_pose.pdbqt
418,GEN_0849,FCOCNOCc1ccccc1OCCc1cccc2ccccc12,-6.0,GEN_0849_pose.pdbqt
419,GEN_0866,BrCSONCCc1cccc2nc3ccccc3cc12,-6.0,GEN_0866_pose.pdbqt
420,GEN_0553,ClCc1cccc2nc3ccccc3cc12,-6.0,GEN_0553_pose.pdbqt
421,GEN_0346,OCCCc1ccccc1COc1cccc2ncncc12,-6.0,GEN_0346_pose.pdbqt
422,GEN_0766,CNS(=O)(=O)NCCc1cccc2ncncc12,-6.0,GEN_0766_pose.pdbqt
423,GEN_0924,FNCCc1cccc2ccccc12,-6.0,GEN_0924_pose.pdbqt
424,GEN_0026,O=C(NOCCNCCCOCC(F)(F)F)c1cccc2nc[nH]c12,-6.0,GEN_0026_pose.pdbqt
425,GEN_0925,O=C(CCc1ccccc1OSCc1ccco1)NCCNOCCO,-6.0,GEN_0925_pose.pdbqt
426,GEN_0073,O=C(CCNCCc1cccc2ncccc12)NCCO,-6.0,GEN_0073_pose.pdbqt
427,GEN_0337,NS(=O)(=O)SCOC(=O)SCc1cccc2nc[nH]c12,-6.0,GEN_0337_pose.pdbqt
428,GEN_0180,NCCNCCCNS(=O)(=O)Cc1ccccc1ONC(=O)c1ccco1,-6.0,GEN_0180_pose.pdbqt
429,GEN_0863,O=C(Nc1ccccc1COCO)SCc1cccc2[nH]ccc12,-6.0,GEN_0863_pose.pdbqt
430,GEN_0618,COCCc1cccc(-c2ccccc2)c1,-6.0,GEN_0618_pose.pdbqt
431,GEN_0059,NC(=O)CC(=O)c1cccc2ncccc12,-6.0,GEN_0059_pose.pdbqt
432,GEN_0756,O=C(OCCOc1cccc2scnc12)C(F)(F)F,-6.0,GEN_0756_pose.pdbqt
433,GEN_0477,O=C(Nc1ccccc1)C(=O)Nc1ccco1,-6.0,GEN_0477_pose.pdbqt
434,GEN_0959,c1ccc(COCCNCCc2cccc3scnc23)cc1,-6.0,GEN_0959_pose.pdbqt
435,GEN_0090,O=C(Nc1cccnc1)OCOCOCc1ccccc1,-6.0,GEN_0090_pose.pdbqt
436,GEN_0007,CCNNC(=O)c1cccc2ncncc12,-6.0,GEN_0007_pose.pdbqt
437,GEN_0464,O=C(CCNCOCCCCCNCCNCCc1cccc2nc3ccccc3cc12)NCCO,-6.0,GEN_0464_pose.pdbqt
438,GEN_0652,O=C(Cl)NCNS(=O)(=O)NCCCNS(=O)(=O)OCN1c2ccccc2Sc2ccccc21,-6.0,GEN_0652_pose.pdbqt
439,GEN_0687,CNS(=O)(=O)NCCc1cccc2[nH]ccc12,-6.0,GEN_0687_pose.pdbqt
440,GEN_0322,NC(=O)CCCNCNCSc1cccnc1,-6.0,GEN_0322_pose.pdbqt
441,GEN_0800,CONC(=O)CNS(=O)(=O)CCCc1cccc2[nH]cnc12,-6.0,GEN_0800_pose.pdbqt
442,GEN_0518,N#CCCNOCCNc1cccc(-c2ccccc2)c1,-6.0,GEN_0518_pose.pdbqt
443,GEN_0266,O=C(COCCOC(=O)NC(=O)c1ccccc1COCCCc1ccco1)Nc1ccccc1,-6.0,GEN_0266_pose.pdbqt
444,GEN_0313,N#CCNC(=O)CCNCCNc1ccco1,-6.0,GEN_0313_pose.pdbqt
445,GEN_0932,N#CNCCCNc1cccc2ccccc12,-6.0,GEN_0932_pose.pdbqt
446,GEN_0429,NS(=O)(=O)SCc1ccccc1NC(=O)C(=O)NCCOC(=O)C(=O)Nc1ccco1,-6.0,GEN_0429_pose.pdbqt
447,GEN_0759,O=S(=O)(NCCCc1ccccc1NCCNc1cccc2scnc12)c1ccccc1,-6.0,GEN_0759_pose.pdbqt
448,GEN_0061,O=C(O)COCNC(=O)NCCNCc1cccs1,-6.0,GEN_0061_pose.pdbqt
449,GEN_0117,O=S(=O)(Cc1cccc2[nH]cnc12)NCCCNCCOCCO,-6.0,GEN_0117_pose.pdbqt
450,GEN_0816,FCCCc1cccc2nc3ccccc3cc12,-6.0,GEN_0816_pose.pdbqt
451,GEN_0760,FC(F)(F)c1cccc2[nH]cnc12,-6.0,GEN_0760_pose.pdbqt
452,GEN_0229,N#CCN1c2ccccc2Sc2ccccc21,-6.0,GEN_0229_pose.pdbqt
453,GEN_0727,FCOc1cccc2nc3ccccc3cc12,-6.0,GEN_0727_pose.pdbqt
454,GEN_0126,O=C(O)N1c2ccccc2Sc2ccccc21,-6.0,GEN_0126_pose.pdbqt
455,GEN_0204,O=C(NCCc1cccc2[nH]ccc12)OOCF,-6.0,GEN_0204_pose.pdbqt
456,GEN_0775,NC(=O)CCCNC(=O)c1cccc2ncccc12,-6.0,GEN_0775_pose.pdbqt
457,GEN_0417,CCOC(=O)CCCc1cccc2nc[nH]c12,-6.0,GEN_0417_pose.pdbqt
458,GEN_0860,O=C(O)CCN1c2ccccc2Sc2ccccc21,-6.0,GEN_0860_pose.pdbqt
459,GEN_0514,CCOC(=O)c1ccccc1NCOCCNCOc1cccc2scnc12,-6.0,GEN_0514_pose.pdbqt
460,GEN_0328,O=C(CCNSCc1cccc2ccccc12)C(=O)NCCO,-6.0,GEN_0328_pose.pdbqt
461,GEN_0730,c1ccc(COCCCc2cccc3ccccc23)cc1,-5.9,GEN_0730_pose.pdbqt
462,GEN_0243,c1ccc(NCCNc2cccc3ncccc23)cc1,-5.9,GEN_0243_pose.pdbqt
463,GEN_0032,O=C(Cc1cccc2nc[nH]c12)NCOOCCO,-5.9,GEN_0032_pose.pdbqt
464,GEN_0956,NS(=O)(=O)CSCCNCNC(=O)CSCN1c2ccccc2Sc2ccccc21,-5.9,GEN_0956_pose.pdbqt
465,GEN_0517,NC(=O)COCNC(=O)COOCCNC(=O)OCc1cccc2nc3ccccc3cc12,-5.9,GEN_0517_pose.pdbqt
466,GEN_0395,O=C(NCl)c1cccc2[nH]ccc12,-5.9,GEN_0395_pose.pdbqt
467,GEN_0591,O=C(CCNCCc1ccco1)Nc1ccccc1OCNCOCCl,-5.9,GEN_0591_pose.pdbqt
468,GEN_0365,O=C(NCCc1cccc2ncncc12)OCOCOc1ccccc1,-5.9,GEN_0365_pose.pdbqt
469,GEN_0535,CNCONC(=O)COc1cccc2scnc12,-5.9,GEN_0535_pose.pdbqt
470,GEN_0521,COC(=O)NNCCc1ccccc1COCOc1cccc2ccccc12,-5.9,GEN_0521_pose.pdbqt
471,GEN_0894,NS(=O)(=O)CCNc1cccc2ncncc12,-5.9,GEN_0894_pose.pdbqt
472,GEN_0106,CCNCCNc1cccc2nc3ccccc3cc12,-5.9,GEN_0106_pose.pdbqt
473,GEN_0655,FC(F)(F)CCCc1cccc2scnc12,-5.9,GEN_0655_pose.pdbqt
474,GEN_0710,O=S(=O)(CCNCCc1cccc2[nH]ccc12)NCCOCNS(=O)(=O)c1ccccc1Nc1ccccc1,-5.9,GEN_0710_pose.pdbqt
475,GEN_0967,ClCCNCCc1cccc2nc3ccccc3cc12,-5.9,GEN_0967_pose.pdbqt
476,GEN_0409,CNS(=O)(=O)NCCCOCCc1cccc2scnc12,-5.9,GEN_0409_pose.pdbqt
477,GEN_0990,ClCCc1ccccc1OCc1cccc2ncccc12,-5.9,GEN_0990_pose.pdbqt
478,GEN_0036,BrOCOCCOCCCc1cccc2nc3ccccc3cc12,-5.9,GEN_0036_pose.pdbqt
479,GEN_0354,CNS(=O)(=O)CSc1ccccc1NC(=O)C(=O)c1cccnc1,-5.9,GEN_0354_pose.pdbqt
480,GEN_0153,NS(=O)(=O)CCCNS(=O)(=O)SCc1ccccc1NC(=O)SCc1cccs1,-5.9,GEN_0153_pose.pdbqt
481,GEN_0704,O=C(NCCO)C(=O)OC(=O)C(=O)c1cccc2ncccc12,-5.9,GEN_0704_pose.pdbqt
482,GEN_0414,CCNNC(=O)c1cccc2nc[nH]c12,-5.9,GEN_0414_pose.pdbqt
483,GEN_0666,O=C(NOCCOCSC(F)(F)F)c1cccc2ncncc12,-5.9,GEN_0666_pose.pdbqt
484,GEN_0079,O=C(CSOCCOCSc1cccc2ncncc12)NCCO,-5.9,GEN_0079_pose.pdbqt
485,GEN_0459,O=C(c1cccc2scnc12)S(=O)(=O)NCSNS(=O)(=O)c1ccccc1,-5.9,GEN_0459_pose.pdbqt
486,GEN_0883,N#CSCc1cccc2nc3ccccc3cc12,-5.9,GEN_0883_pose.pdbqt
487,GEN_0572,O=S(=O)(NCOOCCOOCc1ccco1)c1ccccc1,-5.9,GEN_0572_pose.pdbqt
488,GEN_0405,c1ccc(OCCCc2cccc3[nH]ccc23)cc1,-5.9,GEN_0405_pose.pdbqt
489,GEN_0536,NC(=O)C(=O)c1cccc2nc[nH]c12,-5.9,GEN_0536_pose.pdbqt
490,GEN_0880,NCOCCNC(=O)NC(=O)NOCc1cccc2[nH]ccc12,-5.9,GEN_0880_pose.pdbqt
491,GEN_0780,O=C(O)CCNCOOCCNC(=O)CSc1cccc2nc[nH]c12,-5.9,GEN_0780_pose.pdbqt
492,GEN_0075,CNCCNNCCCc1cccc2ccccc12,-5.9,GEN_0075_pose.pdbqt
493,GEN_0008,FC(F)(F)OCc1cccc2[nH]cnc12,-5.9,GEN_0008_pose.pdbqt
494,GEN_0109,BrCOc1cccc2nc3ccccc3cc12,-5.9,GEN_0109_pose.pdbqt
495,GEN_0247,O=C(Br)NC(=O)CSCc1cccc2[nH]ccc12,-5.9,GEN_0247_pose.pdbqt
496,GEN_0612,c1ccc(NCOCCNCc2ccco2)cc1,-5.9,GEN_0612_pose.pdbqt
497,GEN_0914,O=S(=O)(NNCCc1ccn[nH]1)c1ccccc1COCOc1ccccc1COCOCCO,-5.9,GEN_0914_pose.pdbqt
498,GEN_0632,NC(=O)CCSN1c2ccccc2Sc2ccccc21,-5.9,GEN_0632_pose.pdbqt
499,GEN_0476,NSCCCNc1ccccc1Nc1cccc2[nH]cnc12,-5.9,GEN_0476_pose.pdbqt
500,GEN_0602,c1ccc(OCOCc2cccc3nc[nH]c23)cc1,-5.9,GEN_0602_pose.pdbqt
501,GEN_0410,N#CCOCc1cccc2ccccc12,-5.9,GEN_0410_pose.pdbqt
502,GEN_0660,CNCCCc1cccc(-c2ccccc2)c1,-5.9,GEN_0660_pose.pdbqt
503,GEN_0699,CNS(=O)(=O)CSOCCNC(=O)COc1ccccc1NC(=O)NC(=O)c1cccnc1,-5.9,GEN_0699_pose.pdbqt
504,GEN_0935,CNC(=O)Nc1cccc2nc[nH]c12,-5.9,GEN_0935_pose.pdbqt
505,GEN_0640,c1ccc(ONCCc2cccc3[nH]cnc23)cc1,-5.9,GEN_0640_pose.pdbqt
506,GEN_0254,COc1cccc2nc3ccccc3cc12,-5.9,GEN_0254_pose.pdbqt
507,GEN_0508,O=C(NCCc1cccc2ccccc12)OCBr,-5.9,GEN_0508_pose.pdbqt
508,GEN_0689,ClCOc1ccccc1NCCCc1cccc(-c2ccccc2)c1,-5.9,GEN_0689_pose.pdbqt
509,GEN_0056,N#CCCNCCN1c2ccccc2Sc2ccccc21,-5.9,GEN_0056_pose.pdbqt
510,GEN_0751,c1ccc(COCCNCNCOc2cccnc2)cc1,-5.9,GEN_0751_pose.pdbqt
511,GEN_0641,O=C(NOCCOC(=O)C(F)(F)F)c1ccn[nH]1,-5.8,GEN_0641_pose.pdbqt
512,GEN_0582,FCOCc1cccc2nc3ccccc3cc12,-5.8,GEN_0582_pose.pdbqt
513,GEN_0382,O=C(COc1ccccc1NC(=O)c1cccc2nc3ccccc3cc12)OCCCOCBr,-5.8,GEN_0382_pose.pdbqt
514,GEN_0888,NS(=O)(=O)CCNNSCc1cccc2[nH]ccc12,-5.8,GEN_0888_pose.pdbqt
515,GEN_0285,FCCNCCc1cccc2scnc12,-5.8,GEN_0285_pose.pdbqt
516,GEN_0841,c1ccc(COCOCc2cccc3[nH]ccc23)cc1,-5.8,GEN_0841_pose.pdbqt
517,GEN_0064,O=C(CSc1cccc2ncncc12)NCCO,-5.8,GEN_0064_pose.pdbqt
518,GEN_0196,OCCONCCc1cccc2ccccc12,-5.8,GEN_0196_pose.pdbqt
519,GEN_0135,O=C(COc1cccc2[nH]ccc12)OCCCCNOCCO,-5.8,GEN_0135_pose.pdbqt
520,GEN_0421,BrNCCc1cccc2ccccc12,-5.8,GEN_0421_pose.pdbqt
521,GEN_0576,CCNCCNCNS(=O)(=O)OCN1c2ccccc2Sc2ccccc21,-5.8,GEN_0576_pose.pdbqt
522,GEN_0881,O=C(O)CSNC(=O)CCCc1ccco1,-5.8,GEN_0881_pose.pdbqt
523,GEN_0893,CNCOc1ccccc1NCc1cccc2nc[nH]c12,-5.8,GEN_0893_pose.pdbqt
524,GEN_0011,O=C(CNS(=O)(=O)OCCOCCNc1cccs1)NCCO,-5.8,GEN_0011_pose.pdbqt
525,GEN_0688,CNCCCOCCNC(=O)CCNCCOCOCc1ccco1,-5.8,GEN_0688_pose.pdbqt
526,GEN_0291,O=C(NC(F)(F)F)c1ccn[nH]1,-5.8,GEN_0291_pose.pdbqt
527,GEN_0309,c1ccc(COCCNCCc2cccc3[nH]cnc23)cc1,-5.8,GEN_0309_pose.pdbqt
528,GEN_0350,O=C(NCCCNS(=O)(=O)COc1cccc2ccccc12)OCCCO,-5.8,GEN_0350_pose.pdbqt
529,GEN_0513,O=C(CONC(=O)CCCc1cccc2scnc12)NCCO,-5.8,GEN_0513_pose.pdbqt
530,GEN_0936,O=C(NNc1ccccc1CCNCl)c1cccnc1,-5.8,GEN_0936_pose.pdbqt
531,GEN_0677,CONC(=O)NCOc1cccc2ncncc12,-5.8,GEN_0677_pose.pdbqt
532,GEN_0301,BrCc1cccc(-c2ccccc2)c1,-5.8,GEN_0301_pose.pdbqt
533,GEN_0465,O=C(c1cccc2ncncc12)C(F)(F)F,-5.8,GEN_0465_pose.pdbqt
534,GEN_0166,NNC(=O)CCOC(=O)CCNc1cccc2ccccc12,-5.8,GEN_0166_pose.pdbqt
535,GEN_0529,NCOCc1cccc2nc3ccccc3cc12,-5.8,GEN_0529_pose.pdbqt
536,GEN_0986,FC(F)(F)COCCNCCCCOCOc1ccn[nH]1,-5.8,GEN_0986_pose.pdbqt
537,GEN_0840,OCCOCOc1cccc2ccccc12,-5.8,GEN_0840_pose.pdbqt
538,GEN_0806,BrOCNCCNc1cccc2ccccc12,-5.8,GEN_0806_pose.pdbqt
539,GEN_0839,BrCCNCCN1c2ccccc2Sc2ccccc21,-5.8,GEN_0839_pose.pdbqt
540,GEN_0407,O=S(=O)(NCCSF)NCCc1cccc2ncccc12,-5.8,GEN_0407_pose.pdbqt
541,GEN_0219,FC(F)(F)NCCc1cccc2scnc12,-5.8,GEN_0219_pose.pdbqt
542,GEN_0855,FCCNc1cccc2nc3ccccc3cc12,-5.8,GEN_0855_pose.pdbqt
543,GEN_0673,CCOC(=O)CNC(=O)NS(=O)(=O)COc1cccs1,-5.8,GEN_0673_pose.pdbqt
544,GEN_0997,O=C(CCNc1cccc2[nH]ccc12)NCCO,-5.8,GEN_0997_pose.pdbqt
545,GEN_0175,FC(F)(F)COCOCCOCCNCCc1ccco1,-5.8,GEN_0175_pose.pdbqt
546,GEN_0754,CCOC(=O)COc1cccc2nc3ccccc3cc12,-5.8,GEN_0754_pose.pdbqt
547,GEN_0930,O=C(NOCCO)c1cccc2ccccc12,-5.8,GEN_0930_pose.pdbqt
548,GEN_0134,ClCCNCCc1cccc(-c2ccccc2)c1,-5.8,GEN_0134_pose.pdbqt
549,GEN_0711,NS(=O)(=O)COc1ccccc1S(=O)(=O)NCOc1cccs1,-5.8,GEN_0711_pose.pdbqt
550,GEN_0821,FOCOCCOCCNCCNCSc1cccc2nc[nH]c12,-5.8,GEN_0821_pose.pdbqt
551,GEN_0776,FCOCN1c2ccccc2Sc2ccccc21,-5.8,GEN_0776_pose.pdbqt
552,GEN_0314,FC(F)(F)CCNCCCNCc1cccc2ncncc12,-5.8,GEN_0314_pose.pdbqt
553,GEN_0584,ClNCCNCCCc1cccc2ncccc12,-5.8,GEN_0584_pose.pdbqt
554,GEN_0390,CNS(=O)(=O)Cc1cccc2ncccc12,-5.8,GEN_0390_pose.pdbqt
555,GEN_0206,CCOC(=O)Cc1cccc2nc[nH]c12,-5.8,GEN_0206_pose.pdbqt
556,GEN_0631,O=C(NBr)NC(=O)OCCOC(=O)c1cccc2ncccc12,-5.8,GEN_0631_pose.pdbqt
557,GEN_0049,COCCNOCCOCCc1ccccc1NNC(=O)c1cccc2ccccc12,-5.8,GEN_0049_pose.pdbqt
558,GEN_0057,N#CNCCc1cccc2ccccc12,-5.8,GEN_0057_pose.pdbqt
559,GEN_0777,c1ccc(COCOc2cccc3[nH]ccc23)cc1,-5.8,GEN_0777_pose.pdbqt
560,GEN_0544,CCOC(=O)Cc1cccc2[nH]ccc12,-5.8,GEN_0544_pose.pdbqt
561,GEN_0625,N#CNC(=O)c1cccc2[nH]cnc12,-5.8,GEN_0625_pose.pdbqt
562,GEN_0787,BrCSCNCCNc1cccc2[nH]cnc12,-5.8,GEN_0787_pose.pdbqt
563,GEN_0344,O=C(NCl)c1cccc2ncncc12,-5.8,GEN_0344_pose.pdbqt
564,GEN_0859,FOCN1c2ccccc2Sc2ccccc21,-5.8,GEN_0859_pose.pdbqt
565,GEN_0019,CNS(=O)(=O)C(=O)NCCOC(=O)SCc1ccco1,-5.8,GEN_0019_pose.pdbqt
566,GEN_0557,CNS(=O)(=O)C(=O)Nc1cccc2ncccc12,-5.8,GEN_0557_pose.pdbqt
567,GEN_0960,O=C(O)CCCOCCOC(=O)OCCOc1ccn[nH]1,-5.8,GEN_0960_pose.pdbqt
568,GEN_0991,NC(=O)CCNCNS(=O)(=O)CCc1cccs1,-5.7,GEN_0991_pose.pdbqt
569,GEN_0663,O=C(NCl)c1cccc2nc[nH]c12,-5.7,GEN_0663_pose.pdbqt
570,GEN_0542,ClCCCN1c2ccccc2Sc2ccccc21,-5.7,GEN_0542_pose.pdbqt
571,GEN_0770,CNC(=O)OCCONCCc1cccc2[nH]ccc12,-5.7,GEN_0770_pose.pdbqt
572,GEN_0231,BrCOc1ccccc1OCCNCCNCCNc1ccco1,-5.7,GEN_0231_pose.pdbqt
573,GEN_0822,COC(=O)CNS(=O)(=O)CSc1ccccc1CONCCc1cccc2ncncc12,-5.7,GEN_0822_pose.pdbqt
574,GEN_0886,CONCCNS(=O)(=O)Cc1ccccc1OCCCc1cccc2scnc12,-5.7,GEN_0886_pose.pdbqt
575,GEN_0916,ClNCCN1c2ccccc2Sc2ccccc21,-5.7,GEN_0916_pose.pdbqt
576,GEN_0383,CNS(=O)(=O)C(=O)c1cccc2[nH]ccc12,-5.7,GEN_0383_pose.pdbqt
577,GEN_0378,O=C(NNS(=O)(=O)c1ccccc1CCNCCNc1ccccc1)c1cccc2ccccc12,-5.7,GEN_0378_pose.pdbqt
578,GEN_0178,ClCSN1c2ccccc2Sc2ccccc21,-5.7,GEN_0178_pose.pdbqt
579,GEN_0654,N#CNC(=O)c1cccc2nc[nH]c12,-5.7,GEN_0654_pose.pdbqt
580,GEN_0164,N#CCCc1cccc2ccccc12,-5.7,GEN_0164_pose.pdbqt
581,GEN_0332,c1ccc(OCSc2cccc3ncncc23)cc1,-5.7,GEN_0332_pose.pdbqt
582,GEN_0782,CNS(=O)(=O)COCNC(=O)CCCc1cccc2[nH]cnc12,-5.7,GEN_0782_pose.pdbqt
583,GEN_0010,OSCc1cccc2ccccc12,-5.7,GEN_0010_pose.pdbqt
584,GEN_0244,N#CCCNc1cccc2ncncc12,-5.7,GEN_0244_pose.pdbqt
585,GEN_0854,NC(=O)COCc1cccc2ncncc12,-5.7,GEN_0854_pose.pdbqt
586,GEN_0118,O=C(CC(=O)c1cccc2[nH]cnc12)NCSNc1ccccc1,-5.7,GEN_0118_pose.pdbqt
587,GEN_0762,CCOC(=O)CCN1c2ccccc2Sc2ccccc21,-5.7,GEN_0762_pose.pdbqt
588,GEN_0068,FCSCOc1cccc2nc3ccccc3cc12,-5.7,GEN_0068_pose.pdbqt
589,GEN_0589,CNS(=O)(=O)CNS(=O)(=O)SCc1cccc2[nH]cnc12,-5.7,GEN_0589_pose.pdbqt
590,GEN_0201,O=C(COOCCNC(=O)C(=O)Nc1cccs1)NF,-5.7,GEN_0201_pose.pdbqt
591,GEN_0005,BrCOc1cccc(-c2ccccc2)c1,-5.7,GEN_0005_pose.pdbqt
592,GEN_0610,N#CCCNCc1cccc2ncccc12,-5.7,GEN_0610_pose.pdbqt
593,GEN_0823,N#CNCCNC(=O)c1cccc2[nH]ccc12,-5.7,GEN_0823_pose.pdbqt
594,GEN_0169,ClCOCc1cccc(-c2ccccc2)c1,-5.7,GEN_0169_pose.pdbqt
595,GEN_0159,O=S(=O)(NNCCF)c1cccc2ncncc12,-5.7,GEN_0159_pose.pdbqt
596,GEN_0499,N#CCONS(=O)(=O)C(=O)c1cccc2ncncc12,-5.7,GEN_0499_pose.pdbqt
597,GEN_0060,NCOCc1cccc2ccccc12,-5.7,GEN_0060_pose.pdbqt
598,GEN_0647,ClOCN1c2ccccc2Sc2ccccc21,-5.7,GEN_0647_pose.pdbqt
599,GEN_0017,FC(F)(F)COc1cccc2scnc12,-5.7,GEN_0017_pose.pdbqt
600,GEN_0082,O=C(O)CSc1ccccc1NCc1ccco1,-5.7,GEN_0082_pose.pdbqt
601,GEN_0431,CNS(=O)(=O)OCCCNCCc1ccccc1S(=O)(=O)NCSc1ccn[nH]1,-5.7,GEN_0431_pose.pdbqt
602,GEN_0450,CCNCOc1cccc2[nH]cnc12,-5.7,GEN_0450_pose.pdbqt
603,GEN_0742,c1ccc(OCCNCCc2ccn[nH]2)cc1,-5.7,GEN_0742_pose.pdbqt
604,GEN_0827,c1ccc(OCOCCNCSc2ccco2)cc1,-5.7,GEN_0827_pose.pdbqt
605,GEN_0763,N#CSCc1cccc2ncccc12,-5.7,GEN_0763_pose.pdbqt
606,GEN_0825,N#CCOCNS(=O)(=O)NCCc1cccs1,-5.7,GEN_0825_pose.pdbqt
607,GEN_0141,ClCCCc1cccc2nc3ccccc3cc12,-5.7,GEN_0141_pose.pdbqt
608,GEN_0025,O=S(=O)(NCc1cccc2[nH]cnc12)c1ccccc1CCCCl,-5.7,GEN_0025_pose.pdbqt
609,GEN_0791,O=C(O)OCN1c2ccccc2Sc2ccccc21,-5.7,GEN_0791_pose.pdbqt
610,GEN_0877,NS(=O)(=O)C(=O)OCCNC(=O)CCc1cccc2[nH]cnc12,-5.7,GEN_0877_pose.pdbqt
611,GEN_0768,ClNCCc1cccc2[nH]ccc12,-5.7,GEN_0768_pose.pdbqt
612,GEN_0179,ClCCNCCc1cccc2ncncc12,-5.7,GEN_0179_pose.pdbqt
613,GEN_0345,O=C(Cl)Nc1cccc2[nH]ccc12,-5.7,GEN_0345_pose.pdbqt
614,GEN_0739,O=C(NCCO)C(=O)OCCOCSc1cccnc1,-5.7,GEN_0739_pose.pdbqt
615,GEN_0798,COSCCOCOCc1ccccc1OCSc1cccnc1,-5.7,GEN_0798_pose.pdbqt
616,GEN_0715,O=C(Nc1cccs1)Oc1ccccc1,-5.7,GEN_0715_pose.pdbqt
617,GEN_0479,O=C(CCNc1ccn[nH]1)Nc1ccccc1COCO,-5.7,GEN_0479_pose.pdbqt
618,GEN_0069,O=S(=O)(CCCc1cccc(-c2ccccc2)c1)NCOCBr,-5.7,GEN_0069_pose.pdbqt
619,GEN_0398,CCOC(=O)CCCNCCCOC(=O)NC(=O)c1cccnc1,-5.7,GEN_0398_pose.pdbqt
620,GEN_0242,CNS(=O)(=O)CCc1cccc2ncncc12,-5.6,GEN_0242_pose.pdbqt
621,GEN_0657,O=C(OCCO)c1cccc2nc[nH]c12,-5.6,GEN_0657_pose.pdbqt
622,GEN_0948,O=C(c1cccc2[nH]cnc12)C(F)(F)F,-5.6,GEN_0948_pose.pdbqt
623,GEN_0910,O=C(NNc1ccccc1)OSCc1cccc2ncncc12,-5.6,GEN_0910_pose.pdbqt
624,GEN_0176,O=C(CCCc1cccc2[nH]ccc12)NCCBr,-5.6,GEN_0176_pose.pdbqt
625,GEN_0220,O=C(NCNS(=O)(=O)CSc1ccco1)OCCOCC(F)(F)F,-5.6,GEN_0220_pose.pdbqt
626,GEN_0560,O=C(NC(=O)c1ccn[nH]1)OCc1ccccc1COCCO,-5.6,GEN_0560_pose.pdbqt
627,GEN_0121,FC(F)(F)CSc1cccc2[nH]cnc12,-5.6,GEN_0121_pose.pdbqt
628,GEN_0504,O=C(O)OCNS(=O)(=O)OCOC(=O)CCNCCc1cccnc1,-5.6,GEN_0504_pose.pdbqt
629,GEN_0543,O=C(CCSc1cccc2[nH]cnc12)NCl,-5.6,GEN_0543_pose.pdbqt
630,GEN_0724,CNCOCc1ccccc1OCCNCCc1cccc2ncncc12,-5.6,GEN_0724_pose.pdbqt
631,GEN_0304,c1ccc(OCCCc2ccn[nH]2)cc1,-5.6,GEN_0304_pose.pdbqt
632,GEN_0024,O=C(NBr)c1cccc2nc[nH]c12,-5.6,GEN_0024_pose.pdbqt
633,GEN_0225,NC(=O)Nc1cccc2[nH]cnc12,-5.6,GEN_0225_pose.pdbqt
634,GEN_0366,CCNNCCNS(=O)(=O)OCc1cccc2ncccc12,-5.6,GEN_0366_pose.pdbqt
635,GEN_0905,COCc1ccccc1COCCc1ccccc1NOCc1cccc2nc[nH]c12,-5.6,GEN_0905_pose.pdbqt
636,GEN_0735,N#CCOCc1cccc2ncccc12,-5.6,GEN_0735_pose.pdbqt
637,GEN_0696,c1ccc(NCCc2cccnc2)cc1,-5.6,GEN_0696_pose.pdbqt
638,GEN_0461,COCCNN1c2ccccc2Sc2ccccc21,-5.6,GEN_0461_pose.pdbqt
639,GEN_0376,O=C(CCc1cccs1)NCCNCCF,-5.6,GEN_0376_pose.pdbqt
640,GEN_0149,NCCOC(=O)C(=O)CCNc1cccc2ncncc12,-5.6,GEN_0149_pose.pdbqt
641,GEN_0174,CCNSCc1cccc2[nH]cnc12,-5.6,GEN_0174_pose.pdbqt
642,GEN_0044,NC(=O)OCc1cccc2nc[nH]c12,-5.6,GEN_0044_pose.pdbqt
643,GEN_0614,O=C(O)CCNCNCOCc1cccc2scnc12,-5.6,GEN_0614_pose.pdbqt
644,GEN_0665,OCCOCSc1cccc2ccccc12,-5.6,GEN_0665_pose.pdbqt
645,GEN_0911,O=C(Nc1cccs1)C(F)(F)F,-5.6,GEN_0911_pose.pdbqt
646,GEN_0458,CNS(=O)(=O)NC(=O)c1ccccc1COCCCc1cccs1,-5.6,GEN_0458_pose.pdbqt
647,GEN_0662,FOCc1cccc2ccccc12,-5.6,GEN_0662_pose.pdbqt
648,GEN_0400,CONS(=O)(=O)NC(=O)c1cccc2ccccc12,-5.6,GEN_0400_pose.pdbqt
649,GEN_0983,NS(=O)(=O)COCCCOC(=O)COOCCOCCCc1cccc2[nH]cnc12,-5.6,GEN_0983_pose.pdbqt
650,GEN_0580,ClNCCc1cccc2nc[nH]c12,-5.6,GEN_0580_pose.pdbqt
651,GEN_0103,NCCOC(=O)COc1cccc2nc[nH]c12,-5.6,GEN_0103_pose.pdbqt
652,GEN_0251,ClCCNCCN1c2ccccc2Sc2ccccc21,-5.6,GEN_0251_pose.pdbqt
653,GEN_0698,BrCCCN1c2ccccc2Sc2ccccc21,-5.6,GEN_0698_pose.pdbqt
654,GEN_0272,O=C(NOCCONCCc1ccco1)S(=O)(=O)NCCOCBr,-5.6,GEN_0272_pose.pdbqt
655,GEN_0042,NC(=O)c1cccc2nc[nH]c12,-5.6,GEN_0042_pose.pdbqt
656,GEN_0215,NC(=O)COCc1cccc2scnc12,-5.6,GEN_0215_pose.pdbqt
657,GEN_0202,N#CCSOC(=O)SCc1cccc(-c2ccccc2)c1,-5.6,GEN_0202_pose.pdbqt
658,GEN_0256,O=C(CSCNC(=O)Nc1cccc2ncccc12)NCCOOCOCCO,-5.6,GEN_0256_pose.pdbqt
659,GEN_0757,NC(=O)CC(=O)Nc1cccnc1,-5.6,GEN_0757_pose.pdbqt
660,GEN_0411,OCSN1c2ccccc2Sc2ccccc21,-5.6,GEN_0411_pose.pdbqt
661,GEN_0033,NC(=O)CCNOCCCc1cccc2[nH]ccc12,-5.6,GEN_0033_pose.pdbqt
662,GEN_0998,CCOC(=O)NCCc1cccc2ncncc12,-5.6,GEN_0998_pose.pdbqt
663,GEN_0125,ClCCc1cccc2ncccc12,-5.6,GEN_0125_pose.pdbqt
664,GEN_0586,OCCOCCCc1ccccc1OCCCc1cccc2ncccc12,-5.6,GEN_0586_pose.pdbqt
665,GEN_0680,O=C(O)COCNS(=O)(=O)SCc1cccc2ccccc12,-5.5,GEN_0680_pose.pdbqt
666,GEN_0173,O=C(O)c1cccc2[nH]ccc12,-5.5,GEN_0173_pose.pdbqt
667,GEN_0952,CNS(=O)(=O)COCc1cccc2[nH]ccc12,-5.5,GEN_0952_pose.pdbqt
668,GEN_0288,c1ccc(OCc2ccn[nH]2)cc1,-5.5,GEN_0288_pose.pdbqt
669,GEN_0804,N#CNCCc1cccc2ncncc12,-5.5,GEN_0804_pose.pdbqt
670,GEN_0890,FNCCc1ccccc1COCCCc1cccc2ccccc12,-5.5,GEN_0890_pose.pdbqt
671,GEN_0947,BrCCNCCc1cccc2nc[nH]c12,-5.5,GEN_0947_pose.pdbqt
672,GEN_0289,c1ccc(OCOCc2ccco2)cc1,-5.5,GEN_0289_pose.pdbqt
673,GEN_0705,FC(F)(F)CSc1cccc2ncccc12,-5.5,GEN_0705_pose.pdbqt
674,GEN_0740,O=C(Nc1ccco1)OCOCOCNCCO,-5.5,GEN_0740_pose.pdbqt
675,GEN_0148,N#CCOCc1cccc2ncncc12,-5.5,GEN_0148_pose.pdbqt
676,GEN_0250,O=C(Br)Nc1cccc2nc[nH]c12,-5.5,GEN_0250_pose.pdbqt
677,GEN_0909,O=C(O)COOC(=O)OCNC(=O)CCCNCCc1cccc2scnc12,-5.5,GEN_0909_pose.pdbqt
678,GEN_0795,N#CCOc1cccc2ncncc12,-5.5,GEN_0795_pose.pdbqt
679,GEN_0463,NS(=O)(=O)SCc1cccc2nc[nH]c12,-5.5,GEN_0463_pose.pdbqt
680,GEN_0826,COCCNc1ccccc1OCCNc1cccc2nc[nH]c12,-5.5,GEN_0826_pose.pdbqt
681,GEN_0021,NC(=O)CCNCNCCNc1cccc2ncncc12,-5.5,GEN_0021_pose.pdbqt
682,GEN_0114,O=S(=O)(NCCc1ccco1)NCOOCCCOCCO,-5.5,GEN_0114_pose.pdbqt
683,GEN_0500,NC(=O)CCSc1cccc2nc[nH]c12,-5.5,GEN_0500_pose.pdbqt
684,GEN_0578,NC(=O)CSCNS(=O)(=O)CCNCCOCCOCOc1cccnc1,-5.5,GEN_0578_pose.pdbqt
685,GEN_0944,CNS(=O)(=O)CCCCNS(=O)(=O)CCc1cccc2ncncc12,-5.5,GEN_0944_pose.pdbqt
686,GEN_0807,O=C(COCCNS(=O)(=O)OCc1cccnc1)NCCO,-5.5,GEN_0807_pose.pdbqt
687,GEN_0294,COC(=O)Nc1cccc2ncccc12,-5.5,GEN_0294_pose.pdbqt
688,GEN_0639,O=C(COc1cccc2nc3ccccc3cc12)NCCOOCBr,-5.5,GEN_0639_pose.pdbqt
689,GEN_0650,CCNCCNCCCCNS(=O)(=O)SCc1ccco1,-5.5,GEN_0650_pose.pdbqt
690,GEN_0749,CNCCCOCCNC(=O)C(=O)c1ccccc1NC(=O)c1cccc2scnc12,-5.5,GEN_0749_pose.pdbqt
691,GEN_0095,ClCCNCCc1cccc2ncccc12,-5.5,GEN_0095_pose.pdbqt
692,GEN_0233,CCOC(=O)NCCCOCCNCCNC(=O)CC(=O)Nc1cccs1,-5.5,GEN_0233_pose.pdbqt
693,GEN_0577,CNCCNCCc1cccc2[nH]ccc12,-5.5,GEN_0577_pose.pdbqt
694,GEN_0357,CNS(=O)(=O)CSc1ccccc1OCOCCNc1cccs1,-5.5,GEN_0357_pose.pdbqt
695,GEN_0439,NC(=O)CCOc1cccc2[nH]cnc12,-5.5,GEN_0439_pose.pdbqt
696,GEN_0527,ClCCCc1cccc2nc[nH]c12,-5.5,GEN_0527_pose.pdbqt
697,GEN_0954,CCNCCNCCc1cccc2ncncc12,-5.5,GEN_0954_pose.pdbqt
698,GEN_0684,BrNCCc1cccc2ncccc12,-5.5,GEN_0684_pose.pdbqt
699,GEN_0162,BrCCNc1cccc2ccccc12,-5.5,GEN_0162_pose.pdbqt
700,GEN_0852,CNCCNCCNCSc1cccc2ncncc12,-5.5,GEN_0852_pose.pdbqt
701,GEN_0896,O=C(Nc1ccccc1COOCCO)c1ccco1,-5.5,GEN_0896_pose.pdbqt
702,GEN_0505,O=C(CSCCOC(=O)OCc1cccnc1)NCCO,-5.5,GEN_0505_pose.pdbqt
703,GEN_0884,N#CCCOCCONC(=O)c1cccc2[nH]cnc12,-5.5,GEN_0884_pose.pdbqt
704,GEN_0100,Brc1cccc2ccccc12,-5.5,GEN_0100_pose.pdbqt
705,GEN_0136,O=C(Cc1cccc(-c2ccccc2)c1)OCCCSOCc1ccccc1,-5.5,GEN_0136_pose.pdbqt
706,GEN_0424,O=C(Br)Nc1cccc2scnc12,-5.5,GEN_0424_pose.pdbqt
707,GEN_0230,NCCCCCOC(=O)CCCc1cccc2ncncc12,-5.5,GEN_0230_pose.pdbqt
708,GEN_0246,O=S(=O)(NNCCc1cccc2ccccc12)c1ccccc1,-5.5,GEN_0246_pose.pdbqt
709,GEN_0403,FNCCc1ccccc1NCSc1cccnc1,-5.5,GEN_0403_pose.pdbqt
710,GEN_0221,BrSCc1cccc2ccccc12,-5.5,GEN_0221_pose.pdbqt
711,GEN_0520,BrCCCc1cccc2[nH]ccc12,-5.5,GEN_0520_pose.pdbqt
712,GEN_0299,O=C(O)NCCc1cccc2scnc12,-5.5,GEN_0299_pose.pdbqt
713,GEN_0342,O=C(CSc1cccc2scnc12)NCCOCOF,-5.5,GEN_0342_pose.pdbqt
714,GEN_0264,NCSOCNCOCc1cccc2[nH]ccc12,-5.4,GEN_0264_pose.pdbqt
715,GEN_0297,ClCOc1cccc2nc[nH]c12,-5.4,GEN_0297_pose.pdbqt
716,GEN_0489,BrNCCc1cccc2[nH]cnc12,-5.4,GEN_0489_pose.pdbqt
717,GEN_0277,FCCCOCSc1cccc2scnc12,-5.4,GEN_0277_pose.pdbqt
718,GEN_0676,Clc1cccc2ccccc12,-5.4,GEN_0676_pose.pdbqt
719,GEN_0695,c1ccc(COCCNCOCCNCCc2cccs2)cc1,-5.4,GEN_0695_pose.pdbqt
720,GEN_0702,N#CCCNCCc1cccc2nc[nH]c12,-5.4,GEN_0702_pose.pdbqt
721,GEN_0348,CNS(=O)(=O)CCNCCc1ccccc1COC(=O)CCOC(=O)CCCc1cccs1,-5.4,GEN_0348_pose.pdbqt
722,GEN_0393,O=C(NCCOCCOCCO)C(=O)c1ccn[nH]1,-5.4,GEN_0393_pose.pdbqt
723,GEN_0805,c1ccc(Nc2ccco2)cc1,-5.4,GEN_0805_pose.pdbqt
724,GEN_0820,O=C(OCF)C(=O)c1cccc2nc[nH]c12,-5.4,GEN_0820_pose.pdbqt
725,GEN_0808,NC(=O)CCOCOCCONC(=O)c1ccccc1OCCCc1cccnc1,-5.4,GEN_0808_pose.pdbqt
726,GEN_0624,ClCCCOCCCc1cccc2ncncc12,-5.4,GEN_0624_pose.pdbqt
727,GEN_0857,O=C(CC(=O)NOC(=O)C(=O)Nc1cccc2scnc12)NCSOCCO,-5.4,GEN_0857_pose.pdbqt
728,GEN_0928,O=S(=O)(Nc1ccco1)c1ccccc1,-5.4,GEN_0928_pose.pdbqt
729,GEN_0211,O=C(Cl)c1cccc2[nH]ccc12,-5.4,GEN_0211_pose.pdbqt
730,GEN_0329,O=C(NCCc1cccc2ncccc12)OCSCl,-5.4,GEN_0329_pose.pdbqt
731,GEN_0700,CCNNCCc1ccccc1NC(=O)CSc1cccs1,-5.4,GEN_0700_pose.pdbqt
732,GEN_0102,O=C(CNSCc1cccs1)Nc1ccccc1,-5.4,GEN_0102_pose.pdbqt
733,GEN_0549,c1ccc(OCCNCCc2ccccc2OCc2cccs2)cc1,-5.4,GEN_0549_pose.pdbqt
734,GEN_0574,O=C(Cl)c1cccc2ncncc12,-5.4,GEN_0574_pose.pdbqt
735,GEN_0927,NC(=O)CCOc1cccc2scnc12,-5.4,GEN_0927_pose.pdbqt
736,GEN_0706,O=C(NCCOCl)NC(=O)c1cccs1,-5.4,GEN_0706_pose.pdbqt
737,GEN_0686,ClCCc1cccc2ccccc12,-5.4,GEN_0686_pose.pdbqt
738,GEN_0001,O=C(Br)NNS(=O)(=O)SCc1cccc2ncncc12,-5.4,GEN_0001_pose.pdbqt
739,GEN_0486,NS(=O)(=O)CCCOCCOC(=O)c1cccc2ncccc12,-5.4,GEN_0486_pose.pdbqt
740,GEN_0198,NCOc1cccc2[nH]ccc12,-5.4,GEN_0198_pose.pdbqt
741,GEN_0389,CCOC(=O)SCCCOC(=O)CCCc1cccc2nc[nH]c12,-5.4,GEN_0389_pose.pdbqt
742,GEN_0701,O=C(NC(F)(F)F)c1cccs1,-5.4,GEN_0701_pose.pdbqt
743,GEN_0788,ClCCNc1cccc2ncccc12,-5.4,GEN_0788_pose.pdbqt
744,GEN_0362,OCCOCCNc1cccc2scnc12,-5.4,GEN_0362_pose.pdbqt
745,GEN_0420,NC(=O)CNC(=O)CCOC(=O)OCc1ccco1,-5.4,GEN_0420_pose.pdbqt
746,GEN_0552,O=S(=O)(NSCc1cccs1)c1ccccc1NCCBr,-5.4,GEN_0552_pose.pdbqt
747,GEN_0722,N#CCCCOC(=O)COc1cccc2[nH]ccc12,-5.4,GEN_0722_pose.pdbqt
748,GEN_0938,ClCOCCNCCNc1cccc2ncncc12,-5.4,GEN_0938_pose.pdbqt
749,GEN_0645,FCCNc1cccc2ncncc12,-5.4,GEN_0645_pose.pdbqt
750,GEN_0579,FCCCc1cccc2[nH]ccc12,-5.4,GEN_0579_pose.pdbqt
751,GEN_0158,N#CCCNNCCNCCc1cccc2nc[nH]c12,-5.4,GEN_0158_pose.pdbqt
752,GEN_0506,CNCOCc1cccc2ncncc12,-5.4,GEN_0506_pose.pdbqt
753,GEN_0551,COCCNc1cccc2ccccc12,-5.4,GEN_0551_pose.pdbqt
754,GEN_0255,NNCCc1ccccc1NCOCNS(=O)(=O)C(=O)c1cccc2ncncc12,-5.4,GEN_0255_pose.pdbqt
755,GEN_0374,O=C(O)NCCc1ccn[nH]1,-5.3,GEN_0374_pose.pdbqt
756,GEN_0371,COC(=O)Nc1cccc2[nH]ccc12,-5.3,GEN_0371_pose.pdbqt
757,GEN_0726,NS(=O)(=O)C(=O)Nc1ccco1,-5.3,GEN_0726_pose.pdbqt
758,GEN_0565,BrNCCc1cccc2ncncc12,-5.3,GEN_0565_pose.pdbqt
759,GEN_0000,FC(F)(F)CSc1cccc2scnc12,-5.3,GEN_0000_pose.pdbqt
760,GEN_0452,O=C(Nc1cccs1)Oc1ccccc1CCCOc1ccccc1,-5.3,GEN_0452_pose.pdbqt
761,GEN_0972,FCCc1cccc2[nH]ccc12,-5.3,GEN_0972_pose.pdbqt
762,GEN_0946,NCOCOCCOCOCc1cccc2ncccc12,-5.3,GEN_0946_pose.pdbqt
763,GEN_0363,N#CCOc1cccc2[nH]cnc12,-5.3,GEN_0363_pose.pdbqt
764,GEN_0532,O=C(CCCNCCc1cccc2scnc12)NCF,-5.3,GEN_0532_pose.pdbqt
765,GEN_0045,N#CCCc1cccc2[nH]cnc12,-5.3,GEN_0045_pose.pdbqt
766,GEN_0555,CCOC(=O)C(=O)CNC(=O)c1cccc2[nH]cnc12,-5.3,GEN_0555_pose.pdbqt
767,GEN_0714,FOCc1ccccc1OCSc1ccco1,-5.3,GEN_0714_pose.pdbqt
768,GEN_0835,FCOCc1cccc2ccccc12,-5.3,GEN_0835_pose.pdbqt
769,GEN_0559,O=C(CNC(=O)c1cccnc1)NCCBr,-5.3,GEN_0559_pose.pdbqt
770,GEN_0876,NSCc1cccc2ncccc12,-5.3,GEN_0876_pose.pdbqt
771,GEN_0451,NC(=O)CCOCCOCOc1cccnc1,-5.3,GEN_0451_pose.pdbqt
772,GEN_0568,c1ccc(OCCNc2cccs2)cc1,-5.3,GEN_0568_pose.pdbqt
773,GEN_0995,FC(F)(F)CSc1ccccc1COCCNc1cccs1,-5.3,GEN_0995_pose.pdbqt
774,GEN_0778,NNCCc1cccc2[nH]cnc12,-5.3,GEN_0778_pose.pdbqt
775,GEN_0720,OCSc1ccccc1OCOCc1cccnc1,-5.3,GEN_0720_pose.pdbqt
776,GEN_0077,BrCCNCCc1cccc2ccccc12,-5.3,GEN_0077_pose.pdbqt
777,GEN_0387,O=C(NCCc1cccc2ncccc12)NCOCOCCCCOc1ccccc1,-5.3,GEN_0387_pose.pdbqt
778,GEN_0691,ClNCCc1cccc2ncncc12,-5.3,GEN_0691_pose.pdbqt
779,GEN_0620,N#CCCCc1cccc2scnc12,-5.3,GEN_0620_pose.pdbqt
780,GEN_0817,COCCc1ccccc1NCCNc1cccc2scnc12,-5.3,GEN_0817_pose.pdbqt
781,GEN_0129,O=C(O)NC(=O)c1ccco1,-5.3,GEN_0129_pose.pdbqt
782,GEN_0160,O=C(F)c1cccc2[nH]cnc12,-5.3,GEN_0160_pose.pdbqt
783,GEN_0074,CNNCCc1cccc2scnc12,-5.3,GEN_0074_pose.pdbqt
784,GEN_0165,COCOCc1ccccc1OOCc1cccc2scnc12,-5.3,GEN_0165_pose.pdbqt
785,GEN_0502,O=C(CCOC(=O)COc1cccnc1)NO,-5.3,GEN_0502_pose.pdbqt
786,GEN_0023,NC(=O)CSCNCOCc1cccnc1,-5.3,GEN_0023_pose.pdbqt
787,GEN_0456,ClOCc1cccc2nc[nH]c12,-5.3,GEN_0456_pose.pdbqt
788,GEN_0071,O=C(O)Cc1cccc2scnc12,-5.3,GEN_0071_pose.pdbqt
789,GEN_0475,O=C(OCCBr)c1cccc2[nH]ccc12,-5.3,GEN_0475_pose.pdbqt
790,GEN_0110,O=C(ONCCO)C(=O)c1cccc2ncncc12,-5.3,GEN_0110_pose.pdbqt
791,GEN_0719,O=C(c1ccco1)C(F)(F)F,-5.2,GEN_0719_pose.pdbqt
792,GEN_0779,O=C(COCc1cccs1)NSCC(F)(F)F,-5.2,GEN_0779_pose.pdbqt
793,GEN_0538,N#CSCc1cccc2[nH]ccc12,-5.2,GEN_0538_pose.pdbqt
794,GEN_0199,O=C(Cl)c1cccc2nc[nH]c12,-5.2,GEN_0199_pose.pdbqt
795,GEN_0480,O=S(=O)(NCCOCCNCCc1cccs1)c1ccccc1,-5.2,GEN_0480_pose.pdbqt
796,GEN_0617,NC(=O)COCCNCOc1cccnc1,-5.2,GEN_0617_pose.pdbqt
797,GEN_0144,CONCCc1cccc2ncncc12,-5.2,GEN_0144_pose.pdbqt
798,GEN_0907,FCc1ccccc1COCOc1ccn[nH]1,-5.2,GEN_0907_pose.pdbqt
799,GEN_0987,NC(=O)CCNCCCOCc1cccc2[nH]ccc12,-5.2,GEN_0987_pose.pdbqt
800,GEN_0548,NC(=O)CSc1ccccc1NCCCCNCOc1ccco1,-5.2,GEN_0548_pose.pdbqt
801,GEN_0567,O=C(NCCOOCOCCO)SCc1cccc2ncncc12,-5.2,GEN_0567_pose.pdbqt
802,GEN_0460,BrCCCOCCONCCc1cccc2[nH]ccc12,-5.2,GEN_0460_pose.pdbqt
803,GEN_0067,ClNCCc1ccccc1COCCNc1ccccc1COc1ccco1,-5.2,GEN_0067_pose.pdbqt
804,GEN_0437,CNS(=O)(=O)COCONCCc1cccc2ncccc12,-5.2,GEN_0437_pose.pdbqt
805,GEN_0844,O=C(Cc1cccc2scnc12)NCCOC(=O)Br,-5.2,GEN_0844_pose.pdbqt
806,GEN_0234,O=C(F)OCCc1cccc2ncncc12,-5.2,GEN_0234_pose.pdbqt
807,GEN_0287,O=C(Oc1ccccc1)c1ccco1,-5.2,GEN_0287_pose.pdbqt
808,GEN_0326,ClCCNCCNCSc1cccc2[nH]ccc12,-5.2,GEN_0326_pose.pdbqt
809,GEN_0764,O=C(CCNCCOCCOCCc1ccco1)OCCCOOCc1ccccc1,-5.2,GEN_0764_pose.pdbqt
810,GEN_0185,ClOCc1cccc2[nH]ccc12,-5.2,GEN_0185_pose.pdbqt
811,GEN_0083,CNS(=O)(=O)C(=O)CNS(=O)(=O)SCc1cccc2nc[nH]c12,-5.2,GEN_0083_pose.pdbqt
812,GEN_0862,O=C(CCNCCc1cccc2scnc12)NCCO,-5.2,GEN_0862_pose.pdbqt
813,GEN_0937,FCc1cccc2ncncc12,-5.2,GEN_0937_pose.pdbqt
814,GEN_0208,O=C(COc1cccs1)OCCC(F)(F)F,-5.2,GEN_0208_pose.pdbqt
815,GEN_0873,OSCc1cccc2ncccc12,-5.2,GEN_0873_pose.pdbqt
816,GEN_0819,FCCCc1cccc2[nH]cnc12,-5.2,GEN_0819_pose.pdbqt
817,GEN_0466,CNSCc1cccc2[nH]ccc12,-5.2,GEN_0466_pose.pdbqt
818,GEN_0765,NCSOCCOCCCc1cccc2nc[nH]c12,-5.2,GEN_0765_pose.pdbqt
819,GEN_0637,FCCNCCc1cccnc1,-5.2,GEN_0637_pose.pdbqt
820,GEN_0906,O=C(F)NS(=O)(=O)CCc1ccco1,-5.2,GEN_0906_pose.pdbqt
821,GEN_0003,COCCCc1cccc2nc[nH]c12,-5.2,GEN_0003_pose.pdbqt
822,GEN_0427,CNS(=O)(=O)CSc1cccc2[nH]cnc12,-5.2,GEN_0427_pose.pdbqt
823,GEN_0375,O=C(OCOCC(F)(F)F)c1ccco1,-5.2,GEN_0375_pose.pdbqt
824,GEN_0203,N#CSCc1cccc2ncncc12,-5.2,GEN_0203_pose.pdbqt
825,GEN_0481,FC(F)(F)SCc1cccc2scnc12,-5.2,GEN_0481_pose.pdbqt
826,GEN_0628,NC(=O)CCCc1cccnc1,-5.2,GEN_0628_pose.pdbqt
827,GEN_0681,O=C(COCCOCc1cccc2ccccc12)NCCC(F)(F)F,-5.2,GEN_0681_pose.pdbqt
828,GEN_0448,O=C(CCNc1cccc2scnc12)OOCNS(=O)(=O)c1ccccc1,-5.2,GEN_0448_pose.pdbqt
829,GEN_0858,CCNCCNCCCONC(=O)CNCCCc1cccc2nc[nH]c12,-5.2,GEN_0858_pose.pdbqt
830,GEN_0194,O=C(Nc1ccccc1)c1cccs1,-5.2,GEN_0194_pose.pdbqt
831,GEN_0334,O=C(NCCCSF)c1ccn[nH]1,-5.1,GEN_0334_pose.pdbqt
832,GEN_0152,O=C(COCCCc1ccn[nH]1)NCSCl,-5.1,GEN_0152_pose.pdbqt
833,GEN_0964,BrCCNc1cccc2[nH]ccc12,-5.1,GEN_0964_pose.pdbqt
834,GEN_0813,NCOCc1cccc2ncncc12,-5.1,GEN_0813_pose.pdbqt
835,GEN_0436,CCNCOCc1cccc2scnc12,-5.1,GEN_0436_pose.pdbqt
836,GEN_0140,BrCCCc1cccc2ncncc12,-5.1,GEN_0140_pose.pdbqt
837,GEN_0306,O=C(Cl)CCOC(=O)CSc1cccc2scnc12,-5.1,GEN_0306_pose.pdbqt
838,GEN_0307,ClCCCc1cccc2[nH]ccc12,-5.1,GEN_0307_pose.pdbqt
839,GEN_0443,OCCOCSc1cccc2[nH]cnc12,-5.1,GEN_0443_pose.pdbqt
840,GEN_0377,N#CCc1cccc2nc[nH]c12,-5.1,GEN_0377_pose.pdbqt
841,GEN_0717,ClNCCc1ccccc1CONCCc1ccco1,-5.1,GEN_0717_pose.pdbqt
842,GEN_0889,FCCc1cccc2[nH]cnc12,-5.1,GEN_0889_pose.pdbqt
843,GEN_0897,N#CCCCCOC(=O)CCc1cccc2ncccc12,-5.1,GEN_0897_pose.pdbqt
844,GEN_0769,O=C(Nc1cccnc1)C(=O)OCCCOCl,-5.1,GEN_0769_pose.pdbqt
845,GEN_0428,NCCNCCCCOC(=O)COCc1cccnc1,-5.1,GEN_0428_pose.pdbqt
846,GEN_0634,COCOc1cccc2nc[nH]c12,-5.1,GEN_0634_pose.pdbqt
847,GEN_0524,FC(F)(F)COCc1ccco1,-5.1,GEN_0524_pose.pdbqt
848,GEN_0781,OCCNCOCCCc1cccc2scnc12,-5.1,GEN_0781_pose.pdbqt
849,GEN_0731,FC(F)(F)SCc1cccnc1,-5.1,GEN_0731_pose.pdbqt
850,GEN_0373,O=C(Cl)c1cccc2scnc12,-5.1,GEN_0373_pose.pdbqt
851,GEN_0170,c1ccc(COCOCCOCCCNc2cccc3[nH]ccc23)cc1,-5.1,GEN_0170_pose.pdbqt
852,GEN_0870,c1ccc(OCOCc2cccnc2)cc1,-5.1,GEN_0870_pose.pdbqt
853,GEN_0089,COC(=O)Nc1cccc2[nH]cnc12,-5.1,GEN_0089_pose.pdbqt
854,GEN_0002,FC(F)(F)CCNc1ccco1,-5.1,GEN_0002_pose.pdbqt
855,GEN_0887,N#CCSc1cccc2nc[nH]c12,-5.1,GEN_0887_pose.pdbqt
856,GEN_0006,ClCc1cccc2[nH]ccc12,-5.1,GEN_0006_pose.pdbqt
857,GEN_0829,O=C(OCCNCCCl)c1cccc2[nH]ccc12,-5.1,GEN_0829_pose.pdbqt
858,GEN_0124,CCNOCCOCc1cccc2ncncc12,-5.1,GEN_0124_pose.pdbqt
859,GEN_0280,CNS(=O)(=O)COCc1cccc2scnc12,-5.1,GEN_0280_pose.pdbqt
860,GEN_0213,CNCCCOC(=O)c1cccc2[nH]cnc12,-5.0,GEN_0213_pose.pdbqt
861,GEN_0642,NC(=O)CCSc1cccnc1,-5.0,GEN_0642_pose.pdbqt
862,GEN_0588,Brc1cccc2[nH]ccc12,-5.0,GEN_0588_pose.pdbqt
863,GEN_0917,ClCSc1cccc2[nH]cnc12,-5.0,GEN_0917_pose.pdbqt
864,GEN_0745,FC(F)(F)CCNc1cccs1,-5.0,GEN_0745_pose.pdbqt
865,GEN_0497,FC(F)(F)CCc1cccs1,-5.0,GEN_0497_pose.pdbqt
866,GEN_0236,O=C(F)NS(=O)(=O)CCNCCc1cccs1,-5.0,GEN_0236_pose.pdbqt
867,GEN_0281,FOCc1cccc2[nH]ccc12,-5.0,GEN_0281_pose.pdbqt
868,GEN_0685,CCOC(=O)CCNc1cccc2scnc12,-5.0,GEN_0685_pose.pdbqt
869,GEN_0713,O=C(CCNc1cccc2[nH]cnc12)OCSNS(=O)(=O)c1ccccc1SCF,-5.0,GEN_0713_pose.pdbqt
870,GEN_0274,FC(F)(F)COc1ccn[nH]1,-5.0,GEN_0274_pose.pdbqt
871,GEN_0846,N#CCCNCCCCOC(=O)NCCc1cccc2scnc12,-5.0,GEN_0846_pose.pdbqt
872,GEN_0404,N#Cc1cccc2scnc12,-5.0,GEN_0404_pose.pdbqt
873,GEN_0802,NC(=O)CC(=O)c1cccs1,-5.0,GEN_0802_pose.pdbqt
874,GEN_0899,CNCOc1cccc2ncncc12,-5.0,GEN_0899_pose.pdbqt
875,GEN_0188,CONCCOCCNC(=O)CCCCCOC(=O)Cc1ccco1,-5.0,GEN_0188_pose.pdbqt
876,GEN_0483,FCSc1cccc2[nH]cnc12,-5.0,GEN_0483_pose.pdbqt
877,GEN_0646,BrCSc1cccc2[nH]ccc12,-5.0,GEN_0646_pose.pdbqt
878,GEN_0950,ClCSNCSc1cccc2[nH]cnc12,-5.0,GEN_0950_pose.pdbqt
879,GEN_0401,CNS(=O)(=O)NC(=O)c1cccs1,-5.0,GEN_0401_pose.pdbqt
880,GEN_0522,NC(=O)OCc1cccnc1,-5.0,GEN_0522_pose.pdbqt
881,GEN_0970,O=S(=O)(COc1cccc2scnc12)NCCCCBr,-5.0,GEN_0970_pose.pdbqt
882,GEN_0814,FCSc1cccc2ncncc12,-5.0,GEN_0814_pose.pdbqt
883,GEN_0142,ClCOCCOCCc1cccc2ncncc12,-5.0,GEN_0142_pose.pdbqt
884,GEN_0550,CNCc1cccc2scnc12,-5.0,GEN_0550_pose.pdbqt
885,GEN_0143,NCCNOC(=O)CSc1ccco1,-5.0,GEN_0143_pose.pdbqt
886,GEN_0453,ClCOc1cccc2[nH]cnc12,-5.0,GEN_0453_pose.pdbqt
887,GEN_0968,O=C(NCCO)OCNCCc1ccccc1S(=O)(=O)NCCNCCc1cccnc1,-4.9,GEN_0968_pose.pdbqt
888,GEN_0282,CNSCc1cccc2[nH]cnc12,-4.9,GEN_0282_pose.pdbqt
889,GEN_0249,NCSc1cccc2[nH]cnc12,-4.9,GEN_0249_pose.pdbqt
890,GEN_0494,O=C(NBr)c1ccn[nH]1,-4.9,GEN_0494_pose.pdbqt
891,GEN_0495,O=C(NCCO)SCc1ccn[nH]1,-4.9,GEN_0495_pose.pdbqt
892,GEN_0679,CNS(=O)(=O)CSOC(=O)COc1ccco1,-4.9,GEN_0679_pose.pdbqt
893,GEN_0675,NS(=O)(=O)OCc1cccnc1,-4.9,GEN_0675_pose.pdbqt
894,GEN_0446,COc1cccc2ncncc12,-4.9,GEN_0446_pose.pdbqt
895,GEN_0084,CNCOc1cccc2[nH]cnc12,-4.9,GEN_0084_pose.pdbqt
896,GEN_0385,NC(=O)COCc1ccn[nH]1,-4.9,GEN_0385_pose.pdbqt
897,GEN_0396,BrCCc1cccc2nc[nH]c12,-4.9,GEN_0396_pose.pdbqt
898,GEN_0709,CNCCNCCc1ccn[nH]1,-4.9,GEN_0709_pose.pdbqt
899,GEN_0192,FCOc1cccc2[nH]cnc12,-4.9,GEN_0192_pose.pdbqt
900,GEN_0882,CNCSOCCOSCc1cccc2nc[nH]c12,-4.9,GEN_0882_pose.pdbqt
901,GEN_0851,O=S(=O)(COCc1cccnc1)NCOCCl,-4.9,GEN_0851_pose.pdbqt
902,GEN_0984,N#CCCNCCc1cccnc1,-4.9,GEN_0984_pose.pdbqt
903,GEN_0012,FSCc1cccc2ncncc12,-4.9,GEN_0012_pose.pdbqt
904,GEN_0063,NCOc1cccc2[nH]cnc12,-4.9,GEN_0063_pose.pdbqt
905,GEN_0803,BrCOc1cccc2nc[nH]c12,-4.9,GEN_0803_pose.pdbqt
906,GEN_0563,BrNCCc1cccnc1,-4.9,GEN_0563_pose.pdbqt
907,GEN_0581,NS(=O)(=O)OCc1ccn[nH]1,-4.9,GEN_0581_pose.pdbqt
908,GEN_0656,FCCCOCCONCCc1ccccc1COCCc1cccc2ccccc12,-4.9,GEN_0656_pose.pdbqt
909,GEN_0302,NS(=O)(=O)COCCCOC(=O)C(=O)c1cccs1,-4.9,GEN_0302_pose.pdbqt
910,GEN_0794,ClNCCc1cccnc1,-4.9,GEN_0794_pose.pdbqt
911,GEN_0865,CCOC(=O)SCc1cccc2scnc12,-4.9,GEN_0865_pose.pdbqt
912,GEN_0969,COCCOCc1cccc2scnc12,-4.9,GEN_0969_pose.pdbqt
913,GEN_0608,ClCOCCCNCSc1ccn[nH]1,-4.9,GEN_0608_pose.pdbqt
914,GEN_0683,NCSc1cccc2scnc12,-4.9,GEN_0683_pose.pdbqt
915,GEN_0554,O=C(CCNCCOC(=O)CSc1cccc2nc[nH]c12)NCCOCOCOCCO,-4.8,GEN_0554_pose.pdbqt
916,GEN_0694,ClCSc1cccc2ncncc12,-4.8,GEN_0694_pose.pdbqt
917,GEN_0771,NC(=O)CCNCSc1ccco1,-4.8,GEN_0771_pose.pdbqt
918,GEN_0151,ClCCc1cccc2scnc12,-4.8,GEN_0151_pose.pdbqt
919,GEN_0312,O=S(=O)(CCNS(=O)(=O)COc1cccnc1)NCCCCCl,-4.8,GEN_0312_pose.pdbqt
920,GEN_0296,O=C(CSc1cccs1)NCCOSCBr,-4.8,GEN_0296_pose.pdbqt
921,GEN_0193,NCCc1cccc2scnc12,-4.8,GEN_0193_pose.pdbqt
922,GEN_0257,FCOCOCOc1cccc2[nH]cnc12,-4.8,GEN_0257_pose.pdbqt
923,GEN_0682,BrOCc1cccc2[nH]cnc12,-4.8,GEN_0682_pose.pdbqt
924,GEN_0895,BrCCc1cccc2scnc12,-4.8,GEN_0895_pose.pdbqt
925,GEN_0545,NS(=O)(=O)COCc1ccco1,-4.8,GEN_0545_pose.pdbqt
926,GEN_0245,COSCc1cccc2nc[nH]c12,-4.8,GEN_0245_pose.pdbqt
927,GEN_0240,O=C(c1cccnc1)S(=O)(=O)NCCl,-4.8,GEN_0240_pose.pdbqt
928,GEN_0275,ClCc1cccc2scnc12,-4.8,GEN_0275_pose.pdbqt
929,GEN_0604,NC(=O)COc1cccnc1,-4.8,GEN_0604_pose.pdbqt
930,GEN_0171,O=C(Br)Nc1ccn[nH]1,-4.8,GEN_0171_pose.pdbqt
931,GEN_0850,O=S(=O)(CCNc1cccs1)NCCCCF,-4.8,GEN_0850_pose.pdbqt
932,GEN_0729,COOCc1cccc2[nH]cnc12,-4.8,GEN_0729_pose.pdbqt
933,GEN_0200,OCCOCCNCCc1cccs1,-4.7,GEN_0200_pose.pdbqt
934,GEN_0501,CNCOCOSCc1cccc2[nH]ccc12,-4.7,GEN_0501_pose.pdbqt
935,GEN_0541,COOCc1cccc2scnc12,-4.7,GEN_0541_pose.pdbqt
936,GEN_0384,O=C(Nc1cccnc1)OCCO,-4.7,GEN_0384_pose.pdbqt
937,GEN_0832,Brc1cccc2scnc12,-4.7,GEN_0832_pose.pdbqt
938,GEN_0630,CNCSc1cccc2scnc12,-4.7,GEN_0630_pose.pdbqt
939,GEN_0147,N#CC(=O)Nc1cccs1,-4.7,GEN_0147_pose.pdbqt
940,GEN_0600,N#CSCCNS(=O)(=O)SCc1ccn[nH]1,-4.7,GEN_0600_pose.pdbqt
941,GEN_0830,O=C(O)COc1cccnc1,-4.7,GEN_0830_pose.pdbqt
942,GEN_0394,COCOc1cccc2[nH]cnc12,-4.7,GEN_0394_pose.pdbqt
943,GEN_0096,CCNCCCc1ccn[nH]1,-4.7,GEN_0096_pose.pdbqt
944,GEN_0774,COCSc1cccc2[nH]cnc12,-4.7,GEN_0774_pose.pdbqt
945,GEN_0708,O=C(CCc1cccs1)OCCCOS(=O)(=O)NCCSC(=O)O,-4.7,GEN_0708_pose.pdbqt
946,GEN_0810,Clc1cccc2scnc12,-4.7,GEN_0810_pose.pdbqt
947,GEN_0992,NC(=O)CSCc1cccnc1,-4.6,GEN_0992_pose.pdbqt
948,GEN_0321,NCNC(=O)CNCCc1ccn[nH]1,-4.6,GEN_0321_pose.pdbqt
949,GEN_0626,O=C(NCl)c1cccs1,-4.6,GEN_0626_pose.pdbqt
950,GEN_0945,OCOCCNCc1cccs1,-4.6,GEN_0945_pose.pdbqt
951,GEN_0613,CNS(=O)(=O)COc1ccco1,-4.6,GEN_0613_pose.pdbqt
952,GEN_0913,COc1cccc2scnc12,-4.6,GEN_0913_pose.pdbqt
953,GEN_0974,NCCNCCc1cccs1,-4.6,GEN_0974_pose.pdbqt
954,GEN_0065,O=C(CCOc1ccco1)NSCCl,-4.6,GEN_0065_pose.pdbqt
955,GEN_0190,O=S(=O)(CCc1ccccc1NNCCc1cccc2ncccc12)NCCNCCO,-4.6,GEN_0190_pose.pdbqt
956,GEN_0547,CCOC(=O)OCc1ccco1,-4.5,GEN_0547_pose.pdbqt
957,GEN_0603,ClCCNCCc1ccn[nH]1,-4.5,GEN_0603_pose.pdbqt
958,GEN_0449,O=S(=O)(CSNCCc1cccs1)NCCCl,-4.5,GEN_0449_pose.pdbqt
959,GEN_0111,CCOC(=O)OCc1cccs1,-4.5,GEN_0111_pose.pdbqt
960,GEN_0122,FCCNCCc1ccn[nH]1,-4.5,GEN_0122_pose.pdbqt
961,GEN_0644,OCCOCCCOSCc1ccco1,-4.5,GEN_0644_pose.pdbqt
962,GEN_0279,N#CSCc1cccnc1,-4.5,GEN_0279_pose.pdbqt
963,GEN_0667,COCOCCONCCc1ccco1,-4.5,GEN_0667_pose.pdbqt
964,GEN_0487,O=C(Cl)COC(=O)c1cccs1,-4.5,GEN_0487_pose.pdbqt
965,GEN_0468,O=C(O)SCc1cccs1,-4.4,GEN_0468_pose.pdbqt
966,GEN_0217,COCCCc1cccnc1,-4.4,GEN_0217_pose.pdbqt
967,GEN_0828,BrCCCc1cccnc1,-4.4,GEN_0828_pose.pdbqt
968,GEN_0815,BrSCc1ccn[nH]1,-4.4,GEN_0815_pose.pdbqt
969,GEN_0183,CCOC(=O)SCc1ccco1,-4.3,GEN_0183_pose.pdbqt
970,GEN_0368,BrNCCc1ccco1,-4.3,GEN_0368_pose.pdbqt
971,GEN_0004,COCCOCCOSCc1cccnc1,-4.3,GEN_0004_pose.pdbqt
972,GEN_0767,N#CC(=O)OCCOCCNCCc1ccco1,-4.3,GEN_0767_pose.pdbqt
973,GEN_0339,CCNCSc1cccnc1,-4.3,GEN_0339_pose.pdbqt
974,GEN_0286,OCCOCSc1cccs1,-4.3,GEN_0286_pose.pdbqt
975,GEN_0418,OCCOCCc1cccs1,-4.3,GEN_0418_pose.pdbqt
976,GEN_0380,BrCCNc1ccco1,-4.3,GEN_0380_pose.pdbqt
977,GEN_0029,O=C(O)C(=O)c1cccs1,-4.3,GEN_0029_pose.pdbqt
978,GEN_0370,O=C(Cl)Nc1cccs1,-4.2,GEN_0370_pose.pdbqt
979,GEN_0058,ClNCCc1cccs1,-4.2,GEN_0058_pose.pdbqt
980,GEN_0308,CCNCOc1cccs1,-4.2,GEN_0308_pose.pdbqt
981,GEN_0210,CCOC(=O)Cc1cccs1,-4.2,GEN_0210_pose.pdbqt
982,GEN_0571,O=C(Br)c1cccnc1,-4.2,GEN_0571_pose.pdbqt
983,GEN_0651,BrCCNCCc1cccs1,-4.1,GEN_0651_pose.pdbqt
984,GEN_0197,ClCSOCSc1cccs1,-4.1,GEN_0197_pose.pdbqt
985,GEN_0496,CCOC(=O)CSc1cccs1,-4.1,GEN_0496_pose.pdbqt
986,GEN_0668,CCOC(=O)SCc1ccn[nH]1,-4.1,GEN_0668_pose.pdbqt
987,GEN_0853,O=C(O)COCOCCOc1ccco1,-4.1,GEN_0853_pose.pdbqt
988,GEN_0973,BrCCOCOc1cccs1,-4.1,GEN_0973_pose.pdbqt
989,GEN_0540,BrOCc1ccco1,-4.0,GEN_0540_pose.pdbqt
990,GEN_0498,BrCOc1cccnc1,-4.0,GEN_0498_pose.pdbqt
991,GEN_0915,O=C(CSc1cccs1)OCCSCF,-3.9,GEN_0915_pose.pdbqt
992,GEN_0416,BrCSc1cccnc1,-3.9,GEN_0416_pose.pdbqt
993,GEN_0869,BrCc1cccs1,-3.7,GEN_0869_pose.pdbqt
994,GEN_0157,BrOCc1cccs1,-3.7,GEN_0157_pose.pdbqt
995,GEN_0953,BrSCc1cccs1,-3.6,GEN_0953_pose.pdbqt
996,GEN_0223,BrCCc1cccs1,-3.6,GEN_0223_pose.pdbqt
997,GEN_0347,ClSCc1cccs1,-3.6,GEN_0347_pose.pdbqt
998,GEN_0022,ClCSc1cccs1,-3.5,GEN_0022_pose.pdbqt
999,GEN_0733,Brc1cccs1,-3.4,GEN_0733_pose.pdbqt
